{"experiment": "UBFC-rPPG->PURE", "epoch": 1, "total_epochs": 1, "step": 90, "total_steps": 235, "loss": 3.0785341262817383, "firing_rates": [0.04691319540143013, 0.04691319540143013, 0.052930306643247604, 0.05287637934088707, 0.053551483899354935, 0.05314984545111656]}