{"experiment": "UBFC-rPPG->PURE", "epoch": 15, "total_epochs": 30, "step": 190, "total_steps": 235, "loss": 1.8163042068481445, "phase": "Training", "firing_rates": [0.050438880920410156, 0.04450969770550728, 0.054312705993652344, 0.048830222338438034, 0.054384995251894, 0.05088672786951065]}