{"experiment": "UBFC-rPPG->PURE", "epoch": 2, "total_epochs": 30, "step": 70, "total_steps": 235, "loss": 1.9635827541351318, "phase": "Training", "firing_rates": [0.22735019028186798, 0.22285018861293793, 0.20673461258411407, 0.20783381164073944, 0.2013225108385086, 0.2010384052991867]}