{"experiment": "UBFC-rPPG->PURE", "epoch": 17, "total_epochs": 30, "step": 120, "total_steps": 235, "loss": 7.231285095214844, "phase": "Training", "firing_rates": [0.0395992286503315, 0.03484020382165909, 0.041257094591856, 0.039026834070682526, 0.0406862273812294, 0.03885669633746147]}