{"experiment": "UBFC-rPPG->PURE", "epoch": 4, "total_epochs": 30, "step": 30, "total_steps": 235, "loss": 3.0633952617645264, "firing_rates": [0.025146484375, 0.025146484375, 0.036235809326171875, 0.03599739074707031, 0.03675270080566406, 0.03682136535644531]}