{"experiment": "UBFC-rPPG->PURE", "epoch": 5, "total_epochs": 30, "step": 50, "total_steps": 235, "loss": 2.4705073833465576, "phase": "Training", "firing_rates": [0.03908367082476616, 0.03908367082476616, 0.045571137219667435, 0.04419403150677681, 0.044904518872499466, 0.043821144849061966]}