{"experiment": "UBFC-rPPG->PURE", "epoch": 5, "total_epochs": 30, "step": 30, "total_steps": 235, "loss": 2.0848944187164307, "phase": "Training", "firing_rates": [0.22768478095531464, 0.21341124176979065, 0.20432834327220917, 0.20725850760936737, 0.19624046981334686, 0.1976582109928131]}