{"experiment": "UBFC-rPPG->PURE", "epoch": 2, "total_epochs": 30, "step": 110, "total_steps": 235, "loss": 2.099355459213257, "phase": "Training", "firing_rates": [0.21202349662780762, 0.20882783830165863, 0.1973118782043457, 0.1982383280992508, 0.19150428473949432, 0.1935453861951828]}