{"experiment": "UBFC-rPPG->PURE", "epoch": 4, "total_epochs": 30, "step": 130, "total_steps": 235, "loss": 3.0634851455688477, "firing_rates": [0.021398544311523438, 0.021398544311523438, 0.028879165649414062, 0.028711318969726562, 0.028797149658203125, 0.029153823852539062]}