{"experiment": "UBFC-rPPG->PURE", "epoch": 3, "total_epochs": 30, "step": 80, "total_steps": 235, "loss": 2.486548900604248, "phase": "Training", "firing_rates": [0.05638084560632706, 0.05638084560632706, 0.06479340046644211, 0.06316089630126953, 0.06592998653650284, 0.06559868156909943]}