{"experiment": "UBFC-rPPG->PURE", "epoch": 16, "total_epochs": 30, "step": 40, "total_steps": 235, "loss": 1.8891172409057617, "phase": "Training", "firing_rates": [0.0519256591796875, 0.046663474291563034, 0.05417823791503906, 0.04900798946619034, 0.05392627790570259, 0.050139810889959335]}