{"experiment": "UBFC-rPPG->PURE", "epoch": 13, "total_epochs": 30, "step": 30, "total_steps": 235, "loss": 2.455165147781372, "phase": "Training", "firing_rates": [0.053552817553281784, 0.049201201647520065, 0.059477806091308594, 0.05428924784064293, 0.058582305908203125, 0.05237159878015518]}