{"experiment": "UBFC-rPPG->PURE", "epoch": 12, "total_epochs": 30, "step": 10, "total_steps": 235, "loss": 2.376936912536621, "phase": "Training", "firing_rates": [0.05122871324419975, 0.04689064249396324, 0.05543193966150284, 0.05084533616900444, 0.05504035949707031, 0.05044899135828018]}