{"experiment": "UBFC-rPPG->PURE", "epoch": 9, "total_epochs": 30, "step": 30, "total_steps": 235, "loss": 1.8555246591567993, "phase": "Training", "firing_rates": [0.041715431958436966, 0.041715431958436966, 0.04618530347943306, 0.0449766181409359, 0.04701042175292969, 0.04542560502886772]}