{"experiment": "UBFC-rPPG->PURE", "epoch": 1, "total_epochs": 30, "step": 110, "total_steps": 235, "loss": 3.073930501937866, "firing_rates": [0.029561996459960938, 0.029561996459960938, 0.039463043212890625, 0.03945732116699219, 0.040679931640625, 0.0415191650390625]}