{"experiment": "UBFC-rPPG->PURE", "epoch": 22, "total_epochs": 30, "step": 140, "total_steps": 235, "loss": 1.626708745956421, "phase": "Training", "firing_rates": [0.047850992530584335, 0.03769741207361221, 0.0529937744140625, 0.047165870666503906, 0.05234871059656143, 0.04642048105597496]}