{"experiment": "UBFC-rPPG->PURE", "epoch": 7, "total_epochs": 30, "step": 90, "total_steps": 235, "loss": 2.837367534637451, "phase": "Training", "firing_rates": [0.0540987029671669, 0.050870515406131744, 0.059119414538145065, 0.05830097198486328, 0.059952545911073685, 0.05846252664923668]}