{"experiment": "UBFC-rPPG->PURE", "epoch": 28, "total_epochs": 30, "step": 100, "total_steps": 235, "loss": 2.5729928016662598, "phase": "Training", "firing_rates": [0.04617443308234215, 0.03738441690802574, 0.05144958570599556, 0.040511131286621094, 0.05133800581097603, 0.04630546644330025]}