{"experiment": "UBFC-rPPG->PURE", "epoch": 12, "total_epochs": 30, "step": 110, "total_steps": 235, "loss": 3.1778666973114014, "phase": "Training", "firing_rates": [0.048768043518066406, 0.04438457638025284, 0.05173778533935547, 0.049282073974609375, 0.050493430346250534, 0.04749355465173721]}