{"experiment": "UBFC-rPPG->PURE", "epoch": 3, "total_epochs": 30, "step": 140, "total_steps": 235, "loss": 2.148916482925415, "phase": "Training", "firing_rates": [0.21026554703712463, 0.21124577522277832, 0.20110826194286346, 0.20167699456214905, 0.19810166954994202, 0.1998802274465561]}