{"experiment": "UBFC-rPPG->PURE", "epoch": 17, "total_epochs": 30, "step": 90, "total_steps": 235, "loss": 3.3481216430664062, "phase": "Training", "firing_rates": [0.04189414903521538, 0.03719158098101616, 0.044487953186035156, 0.0423700325191021, 0.04272270202636719, 0.03921928629279137]}