{"experiment": "UBFC-rPPG->PURE", "epoch": 5, "total_epochs": 30, "step": 150, "total_steps": 235, "loss": 2.0061779022216797, "phase": "Training", "firing_rates": [0.054174043238162994, 0.054174043238162994, 0.061171915382146835, 0.05947265774011612, 0.058858681470155716, 0.05491295084357262]}