{"experiment": "UBFC-rPPG->PURE", "epoch": 11, "total_epochs": 30, "step": 150, "total_steps": 235, "loss": 1.5810149908065796, "phase": "Training", "firing_rates": [0.051337432116270065, 0.04777488857507706, 0.05612354353070259, 0.052291300147771835, 0.054739952087402344, 0.05169696733355522]}