{"experiment": "UBFC-rPPG->PURE", "epoch": 23, "total_epochs": 30, "step": 220, "total_steps": 235, "loss": 2.0508322715759277, "phase": "Training", "firing_rates": [0.052600860595703125, 0.04113521799445152, 0.055617716163396835, 0.04542408138513565, 0.05286579206585884, 0.04951896890997887]}