{"experiment": "UBFC-rPPG->PURE", "epoch": 3, "total_epochs": 30, "step": 50, "total_steps": 235, "loss": 2.053995370864868, "phase": "Training", "firing_rates": [0.2046162635087967, 0.21287789940834045, 0.20218411087989807, 0.20354752242565155, 0.19850821793079376, 0.19707360863685608]}