{"experiment": "UBFC-rPPG->PURE", "epoch": 5, "total_epochs": 30, "step": 160, "total_steps": 235, "loss": 2.056819200515747, "phase": "Training", "firing_rates": [0.23455730080604553, 0.22997546195983887, 0.21476756036281586, 0.21328921616077423, 0.19939227402210236, 0.1987776756286621]}