{"experiment": "UBFC-rPPG->PURE", "epoch": 5, "total_epochs": 30, "step": 90, "total_steps": 235, "loss": 2.0797579288482666, "phase": "Training", "firing_rates": [0.21604828536510468, 0.2104884684085846, 0.20456567406654358, 0.20458602905273438, 0.19664274156093597, 0.1980433464050293]}