{"experiment": "UBFC-rPPG->PURE", "epoch": 1, "total_epochs": 30, "step": 100, "total_steps": 235, "loss": 3.058589458465576, "phase": "Training", "firing_rates": [0.023166656494140625, 0.023166656494140625, 0.034244537353515625, 0.03425788879394531, 0.036090850830078125, 0.03675270080566406]}