{"experiment": "UBFC-rPPG->PURE", "epoch": 13, "total_epochs": 30, "step": 190, "total_steps": 235, "loss": 2.3782501220703125, "phase": "Training", "firing_rates": [0.04698352888226509, 0.043477632105350494, 0.0517757423222065, 0.04653472825884819, 0.05050964280962944, 0.04841728135943413]}