{"experiment": "UBFC-rPPG->PURE", "epoch": 2, "total_epochs": 30, "step": 190, "total_steps": 235, "loss": 2.300320863723755, "phase": "Training", "firing_rates": [0.04085559770464897, 0.04085559770464897, 0.048309326171875, 0.048072051256895065, 0.04883747175335884, 0.04868374019861221]}