{"experiment": "UBFC-rPPG->PURE", "epoch": 26, "total_epochs": 30, "step": 200, "total_steps": 235, "loss": 1.904158353805542, "phase": "Training", "firing_rates": [0.03770275041460991, 0.03294239193201065, 0.042382050305604935, 0.03912201151251793, 0.04198017343878746, 0.03713798522949219]}