{"experiment": "UBFC-rPPG->PURE", "epoch": 24, "total_epochs": 30, "step": 70, "total_steps": 235, "loss": 2.2341220378875732, "phase": "Training", "firing_rates": [0.043474581092596054, 0.041599273681640625, 0.050936508923769, 0.04539985582232475, 0.0507902167737484, 0.0464818961918354]}