{"experiment": "UBFC-rPPG->PURE", "epoch": 4, "total_epochs": 30, "step": 20, "total_steps": 235, "loss": 2.1383044719696045, "phase": "Training", "firing_rates": [0.22213225066661835, 0.21351933479309082, 0.20866170525550842, 0.20487351715564728, 0.19895611703395844, 0.19830523431301117]}