{"experiment": "UBFC-rPPG->PURE", "epoch": 4, "total_epochs": 30, "step": 130, "total_steps": 235, "loss": 1.9485666751861572, "phase": "Training", "firing_rates": [0.1581164449453354, 0.17892228066921234, 0.19249625504016876, 0.19312052428722382, 0.1869300901889801, 0.18735046684741974]}