{"experiment": "UBFC-rPPG->PURE", "epoch": 9, "total_epochs": 30, "step": 220, "total_steps": 235, "loss": 1.8405481576919556, "phase": "Training", "firing_rates": [0.03982658311724663, 0.03539333492517471, 0.046067237854003906, 0.04382133483886719, 0.04365062713623047, 0.04238414764404297]}