{"experiment": "UBFC-rPPG->PURE", "epoch": 4, "total_epochs": 30, "step": 200, "total_steps": 235, "loss": 2.092860460281372, "phase": "Training", "firing_rates": [0.24087858200073242, 0.22672139108181, 0.21411795914173126, 0.21408477425575256, 0.2061881572008133, 0.20459190011024475]}