{"experiment": "UBFC-rPPG->PURE", "epoch": 4, "total_epochs": 30, "step": 30, "total_steps": 235, "loss": 2.2246546745300293, "phase": "Training", "firing_rates": [0.19779543578624725, 0.20466117560863495, 0.19588151574134827, 0.1983233541250229, 0.1948472112417221, 0.1963508129119873]}