{"experiment": "UBFC-rPPG->PURE", "epoch": 2, "total_epochs": 30, "step": 230, "total_steps": 235, "loss": 2.607243776321411, "phase": "Training", "firing_rates": [0.044920921325683594, 0.044920921325683594, 0.05132007598876953, 0.05072460323572159, 0.050798989832401276, 0.05066738277673721]}