{"experiment": "UBFC-rPPG->PURE", "epoch": 5, "total_epochs": 30, "step": 210, "total_steps": 235, "loss": 3.061847448348999, "firing_rates": [0.02208709716796875, 0.02208709716796875, 0.03200340270996094, 0.03154182434082031, 0.033428192138671875, 0.033390045166015625]}