{"experiment": "UBFC-rPPG->PURE", "epoch": 15, "total_epochs": 30, "step": 120, "total_steps": 235, "loss": 2.020904779434204, "phase": "Training", "firing_rates": [0.04181480407714844, 0.0346769355237484, 0.04450817033648491, 0.04053077846765518, 0.0438169501721859, 0.04059353098273277]}