{"experiment": "UBFC-rPPG->PURE", "epoch": 3, "total_epochs": 30, "step": 120, "total_steps": 235, "loss": 2.0145645141601562, "phase": "Training", "firing_rates": [0.18248358368873596, 0.20228567719459534, 0.20101919770240784, 0.20086346566677094, 0.19490085542201996, 0.19465923309326172]}