{"experiment": "UBFC-rPPG->PURE", "epoch": 16, "total_epochs": 30, "step": 170, "total_steps": 235, "loss": 2.4264607429504395, "phase": "Training", "firing_rates": [0.03883018717169762, 0.03606777265667915, 0.04325542598962784, 0.0405515693128109, 0.04159126430749893, 0.03565540537238121]}