{"experiment": "UBFC-rPPG->PURE", "epoch": 25, "total_epochs": 30, "step": 20, "total_steps": 235, "loss": 1.8137991428375244, "phase": "Training", "firing_rates": [0.037900160998106, 0.03208351135253906, 0.04041004180908203, 0.038018036633729935, 0.040162086486816406, 0.03746623918414116]}