{"experiment": "UBFC-rPPG->PURE", "epoch": 1, "total_epochs": 30, "step": 210, "total_steps": 235, "loss": 1.9963529109954834, "phase": "Training", "firing_rates": [0.240102156996727, 0.22375516593456268, 0.1987636536359787, 0.1979915201663971, 0.1905938684940338, 0.191812664270401]}