{"experiment": "UBFC-rPPG->PURE", "epoch": 1, "total_epochs": 1, "step": 100, "total_steps": 235, "loss": 2.9266715049743652, "firing_rates": [0.06193576008081436, 0.06193576008081436, 0.07067666202783585, 0.07055407017469406, 0.06980929523706436, 0.06940679997205734]}