{"experiment": "UBFC-rPPG->PURE", "epoch": 2, "total_epochs": 30, "step": 200, "total_steps": 235, "loss": 2.0582334995269775, "phase": "Training", "firing_rates": [0.1556076556444168, 0.18761077523231506, 0.19246716797351837, 0.19439946115016937, 0.1892816573381424, 0.19104133546352386]}