{"experiment": "UBFC-rPPG->PURE", "epoch": 15, "total_epochs": 30, "step": 30, "total_steps": 235, "loss": 2.2366628646850586, "phase": "Training", "firing_rates": [0.04941520839929581, 0.04572715982794762, 0.052927207201719284, 0.045374106615781784, 0.052474211901426315, 0.049302101135253906]}