{"experiment": "UBFC-rPPG->PURE", "epoch": 2, "total_epochs": 30, "step": 90, "total_steps": 235, "loss": 2.0279412269592285, "phase": "Training", "firing_rates": [0.20021219551563263, 0.20313230156898499, 0.19678378105163574, 0.19955645501613617, 0.19445978105068207, 0.19547080993652344]}