{"experiment": "UBFC-rPPG->PURE", "epoch": 5, "total_epochs": 30, "step": 50, "total_steps": 235, "loss": 2.1990647315979004, "phase": "Training", "firing_rates": [0.20976248383522034, 0.22014446556568146, 0.2030719369649887, 0.20034365355968475, 0.19495253264904022, 0.19510416686534882]}