{"experiment": "UBFC-rPPG->PURE", "epoch": 30, "total_epochs": 30, "step": 230, "total_steps": 235, "loss": 1.9868783950805664, "phase": "Training", "firing_rates": [0.04628925397992134, 0.03213462978601456, 0.04938068613409996, 0.041596222668886185, 0.049535561352968216, 0.04423961788415909]}