{"experiment": "UBFC-rPPG->PURE", "epoch": 21, "total_epochs": 30, "step": 190, "total_steps": 235, "loss": 1.391756296157837, "phase": "Training", "firing_rates": [0.036248207092285156, 0.03325920179486275, 0.03873768076300621, 0.03825817257165909, 0.03892326354980469, 0.037241172045469284]}