{"experiment": "UBFC-rPPG->PURE", "epoch": 29, "total_epochs": 30, "step": 120, "total_steps": 235, "loss": 1.9481080770492554, "phase": "Training", "firing_rates": [0.04531269147992134, 0.03682422637939453, 0.049901772290468216, 0.04203910753130913, 0.0499088279902935, 0.0460851676762104]}