{"experiment": "UBFC-rPPG->PURE", "epoch": 25, "total_epochs": 30, "step": 180, "total_steps": 235, "loss": 2.0986227989196777, "phase": "Training", "firing_rates": [0.03686676174402237, 0.029534339904785156, 0.04253959655761719, 0.037006378173828125, 0.04296093061566353, 0.03886127471923828]}