{"experiment": "UBFC-rPPG->PURE", "epoch": 5, "total_epochs": 30, "step": 50, "total_steps": 235, "loss": 3.061552047729492, "firing_rates": [0.028478622436523438, 0.028478622436523438, 0.03784751892089844, 0.03751945495605469, 0.038604736328125, 0.03913688659667969]}