{"experiment": "UBFC-rPPG->PURE", "epoch": 2, "total_epochs": 30, "step": 50, "total_steps": 235, "loss": 1.8083347082138062, "phase": "Training", "firing_rates": [0.2273617833852768, 0.21823172271251678, 0.19833922386169434, 0.19955407083034515, 0.1931838095188141, 0.1934516429901123]}