{"experiment": "UBFC-rPPG->PURE", "epoch": 2, "total_epochs": 30, "step": 70, "total_steps": 235, "loss": 2.546539783477783, "phase": "Training", "firing_rates": [0.053174592554569244, 0.053174592554569244, 0.06578560173511505, 0.0653066635131836, 0.06660499423742294, 0.06647758930921555]}