{"experiment": "UBFC-rPPG->PURE", "epoch": 9, "total_epochs": 30, "step": 90, "total_steps": 235, "loss": 2.4994704723358154, "phase": "Training", "firing_rates": [0.04476013407111168, 0.04146938398480415, 0.04808235168457031, 0.045923423022031784, 0.04758567735552788, 0.046714212745428085]}