{"experiment": "UBFC-rPPG->PURE", "epoch": 3, "total_epochs": 30, "step": 30, "total_steps": 235, "loss": 1.9493627548217773, "phase": "Training", "firing_rates": [0.17376136779785156, 0.19266390800476074, 0.19111208617687225, 0.19316883385181427, 0.18962059915065765, 0.19101504981517792]}