{"experiment": "UBFC-rPPG->PURE", "epoch": 9, "total_epochs": 30, "step": 190, "total_steps": 235, "loss": 2.2365353107452393, "phase": "Training", "firing_rates": [0.0442846305668354, 0.043081093579530716, 0.05034923553466797, 0.04699268564581871, 0.04731559753417969, 0.04423103481531143]}