{"experiment": "UBFC-rPPG->PURE", "epoch": 29, "total_epochs": 30, "step": 20, "total_steps": 235, "loss": 1.1907342672348022, "phase": "Training", "firing_rates": [0.04214439541101456, 0.03370628505945206, 0.047797393053770065, 0.040758516639471054, 0.04741058498620987, 0.04245490953326225]}