{"experiment": "UBFC-rPPG->PURE", "epoch": 5, "total_epochs": 30, "step": 120, "total_steps": 235, "loss": 2.950345277786255, "phase": "Training", "firing_rates": [0.0536283515393734, 0.05033302307128906, 0.05826530605554581, 0.05624275282025337, 0.05542392656207085, 0.05409755930304527]}