{"experiment": "UBFC-rPPG->PURE", "epoch": 8, "total_epochs": 30, "step": 10, "total_steps": 235, "loss": 2.6424543857574463, "phase": "Training", "firing_rates": [0.052762221544981, 0.05115547403693199, 0.06022319942712784, 0.05791034922003746, 0.05737819895148277, 0.0539434440433979]}