{"experiment": "UBFC-rPPG->PURE", "epoch": 17, "total_epochs": 30, "step": 60, "total_steps": 235, "loss": 2.0665130615234375, "phase": "Training", "firing_rates": [0.04479675367474556, 0.04177723079919815, 0.047249794006347656, 0.04438133165240288, 0.04613342508673668, 0.04218311235308647]}