{"experiment": "UBFC-rPPG->PURE", "epoch": 1, "total_epochs": 30, "step": 70, "total_steps": 235, "loss": 2.0685951709747314, "phase": "Training", "firing_rates": [0.20122985541820526, 0.19458642601966858, 0.18751387298107147, 0.19020099937915802, 0.18412227928638458, 0.18543139100074768]}