{"experiment": "UBFC-rPPG->PURE", "epoch": 1, "total_epochs": 30, "step": 50, "total_steps": 235, "loss": 1.9040610790252686, "phase": "Training", "firing_rates": [0.21826720237731934, 0.20037971436977386, 0.19078870117664337, 0.19418735802173615, 0.186812162399292, 0.1891181915998459]}