{"experiment": "UBFC-rPPG->PURE", "epoch": 1, "total_epochs": 30, "step": 180, "total_steps": 235, "loss": 2.2723116874694824, "phase": "Training", "firing_rates": [0.04140320047736168, 0.04140320047736168, 0.05117397382855415, 0.05100250244140625, 0.05302887037396431, 0.053175926208496094]}