{"experiment": "UBFC-rPPG->PURE", "epoch": 3, "total_epochs": 30, "step": 70, "total_steps": 235, "loss": 1.8857073783874512, "phase": "Training", "firing_rates": [0.17394843697547913, 0.19543862342834473, 0.19377140700817108, 0.19508662819862366, 0.19253693521022797, 0.19244661927223206]}