{"experiment": "UBFC-rPPG->PURE", "epoch": 16, "total_epochs": 30, "step": 200, "total_steps": 235, "loss": 2.575159788131714, "phase": "Training", "firing_rates": [0.049329377710819244, 0.04254760965704918, 0.05374717712402344, 0.0424320213496685, 0.05276355892419815, 0.04596691206097603]}