{"experiment": "UBFC-rPPG->PURE", "epoch": 18, "total_epochs": 30, "step": 170, "total_steps": 235, "loss": 3.183382511138916, "phase": "Training", "firing_rates": [0.0427309051156044, 0.04053382948040962, 0.0445825569331646, 0.04057769849896431, 0.04436245188117027, 0.041558265686035156]}