{"experiment": "UBFC-rPPG->PURE", "epoch": 18, "total_epochs": 30, "step": 40, "total_steps": 235, "loss": 1.8021042346954346, "phase": "Training", "firing_rates": [0.04727363586425781, 0.03947124630212784, 0.050434112548828125, 0.043453216552734375, 0.04972381517291069, 0.0424463264644146]}