{"experiment": "UBFC-rPPG->PURE", "epoch": 5, "total_epochs": 30, "step": 120, "total_steps": 235, "loss": 2.1203267574310303, "phase": "Training", "firing_rates": [0.18931107223033905, 0.21746540069580078, 0.2076476663351059, 0.20640221238136292, 0.19995151460170746, 0.1999797821044922]}