{"experiment": "UBFC-rPPG->PURE", "epoch": 8, "total_epochs": 30, "step": 70, "total_steps": 235, "loss": 2.5569984912872314, "phase": "Training", "firing_rates": [0.048094749450683594, 0.04635944589972496, 0.05186882242560387, 0.049565888941287994, 0.052185822278261185, 0.05010071024298668]}