{"experiment": "UBFC-rPPG->PURE", "epoch": 10, "total_epochs": 30, "step": 70, "total_steps": 235, "loss": 2.1126976013183594, "phase": "Training", "firing_rates": [0.04691162332892418, 0.04372596740722656, 0.052461814135313034, 0.049977876245975494, 0.05005302652716637, 0.04620514065027237]}