{"experiment": "UBFC-rPPG->PURE", "epoch": 22, "total_epochs": 30, "step": 10, "total_steps": 235, "loss": 1.8635637760162354, "phase": "Training", "firing_rates": [0.03656883165240288, 0.03058643452823162, 0.04308357462286949, 0.03981361538171768, 0.042474936693906784, 0.03812770918011665]}