{"experiment": "UBFC-rPPG->PURE", "epoch": 17, "total_epochs": 30, "step": 220, "total_steps": 235, "loss": 2.180673599243164, "phase": "Training", "firing_rates": [0.04031066969037056, 0.03701477125287056, 0.04239292070269585, 0.040291786193847656, 0.04190540313720703, 0.03976917266845703]}