{"experiment": "UBFC-rPPG->PURE", "epoch": 2, "total_epochs": 30, "step": 90, "total_steps": 235, "loss": 3.062819719314575, "firing_rates": [0.029039382934570312, 0.029039382934570312, 0.035816192626953125, 0.03575897216796875, 0.037273406982421875, 0.03772544860839844]}