{"experiment": "UBFC-rPPG->PURE", "epoch": 1, "total_epochs": 30, "step": 10, "total_steps": 235, "loss": 1.9572477340698242, "phase": "Training", "firing_rates": [0.20833759009838104, 0.20389118790626526, 0.18831872940063477, 0.18977804481983185, 0.18253646790981293, 0.18510766327381134]}