{"experiment": "UBFC-rPPG->PURE", "epoch": 19, "total_epochs": 30, "step": 120, "total_steps": 235, "loss": 1.8744232654571533, "phase": "Training", "firing_rates": [0.04331512376666069, 0.0387483611702919, 0.0467260368168354, 0.04330959543585777, 0.046656228601932526, 0.043041229248046875]}