{"experiment": "UBFC-rPPG->PURE", "epoch": 25, "total_epochs": 30, "step": 150, "total_steps": 235, "loss": 1.2799441814422607, "phase": "Training", "firing_rates": [0.04235820844769478, 0.03723735734820366, 0.04556713253259659, 0.043619539588689804, 0.045514870434999466, 0.042438507080078125]}