{"experiment": "UBFC-rPPG->PURE", "epoch": 4, "total_epochs": 30, "step": 230, "total_steps": 235, "loss": 2.4890146255493164, "phase": "Training", "firing_rates": [0.05175075680017471, 0.05175075680017471, 0.05695858225226402, 0.0563417449593544, 0.05544586107134819, 0.054680634289979935]}