{"experiment": "UBFC-rPPG->PURE", "epoch": 29, "total_epochs": 30, "step": 180, "total_steps": 235, "loss": 2.4074044227600098, "phase": "Training", "firing_rates": [0.04607105255126953, 0.035834696143865585, 0.056389808654785156, 0.043203163892030716, 0.05589275434613228, 0.049538612365722656]}