{"experiment": "UBFC-rPPG->PURE", "epoch": 26, "total_epochs": 30, "step": 140, "total_steps": 235, "loss": 1.7217721939086914, "phase": "Training", "firing_rates": [0.053975868970155716, 0.03912181779742241, 0.05690174177289009, 0.04931240156292915, 0.05651531368494034, 0.05165672302246094]}