{"experiment": "UBFC-rPPG->PURE", "epoch": 2, "total_epochs": 30, "step": 60, "total_steps": 235, "loss": 2.067671775817871, "phase": "Training", "firing_rates": [0.2462378591299057, 0.2211579829454422, 0.2033795863389969, 0.20334039628505707, 0.19767437875270844, 0.19704113900661469]}