{"experiment": "UBFC-rPPG->PURE", "epoch": 2, "total_epochs": 30, "step": 170, "total_steps": 235, "loss": 3.0628554821014404, "phase": "Training", "firing_rates": [0.029870986938476562, 0.029870986938476562, 0.04295539855957031, 0.04246330261230469, 0.044063568115234375, 0.044925689697265625]}