{"experiment": "UBFC-rPPG->PURE", "epoch": 24, "total_epochs": 30, "step": 140, "total_steps": 235, "loss": 7.7855753898620605, "phase": "Training", "firing_rates": [0.03992500528693199, 0.033594321459531784, 0.0462772361934185, 0.04344463348388672, 0.046109389513731, 0.04234294965863228]}