{"experiment": "UBFC-rPPG->PURE", "epoch": 12, "total_epochs": 30, "step": 200, "total_steps": 235, "loss": 2.0618526935577393, "phase": "Training", "firing_rates": [0.050477027893066406, 0.04877433925867081, 0.05413837358355522, 0.050104331225156784, 0.05164642259478569, 0.050893593579530716]}