{"experiment": "UBFC-rPPG->PURE", "epoch": 3, "total_epochs": 30, "step": 40, "total_steps": 235, "loss": 1.9991366863250732, "phase": "Training", "firing_rates": [0.22593379020690918, 0.22065158188343048, 0.20991626381874084, 0.2094239741563797, 0.20243573188781738, 0.2025279551744461]}