{"experiment": "UBFC-rPPG->PURE", "epoch": 4, "total_epochs": 30, "step": 40, "total_steps": 235, "loss": 2.1264214515686035, "phase": "Training", "firing_rates": [0.16566696763038635, 0.19569244980812073, 0.1955379992723465, 0.1941300928592682, 0.19054050743579865, 0.19158963859081268]}