{"experiment": "UBFC-rPPG->PURE", "epoch": 1, "total_epochs": 1, "step": 120, "total_steps": 235, "loss": 3.068493366241455, "firing_rates": [0.061505746096372604, 0.061505746096372604, 0.06867270916700363, 0.06854195892810822, 0.06470637768507004, 0.06333046406507492]}