{"experiment": "UBFC-rPPG->PURE", "epoch": 10, "total_epochs": 30, "step": 10, "total_steps": 235, "loss": 1.820315957069397, "phase": "Training", "firing_rates": [0.04920082166790962, 0.04677867889404297, 0.05527782440185547, 0.05082855373620987, 0.05384845659136772, 0.05085277557373047]}