{"experiment": "UBFC-rPPG->PURE", "epoch": 1, "total_epochs": 30, "step": 20, "total_steps": 235, "loss": 2.131035566329956, "phase": "Training", "firing_rates": [0.2191048115491867, 0.2101149559020996, 0.1947409212589264, 0.1931527704000473, 0.18846260011196136, 0.1914457380771637]}