{"experiment": "UBFC-rPPG->PURE", "epoch": 1, "total_epochs": 30, "step": 170, "total_steps": 235, "loss": 3.057711601257324, "firing_rates": [0.02712249755859375, 0.02712249755859375, 0.03450202941894531, 0.03425407409667969, 0.03673744201660156, 0.03719329833984375]}