{"experiment": "UBFC-rPPG->PURE", "epoch": 26, "total_epochs": 30, "step": 170, "total_steps": 235, "loss": 2.462695837020874, "phase": "Training", "firing_rates": [0.043325234204530716, 0.036886025220155716, 0.04633960872888565, 0.04299965128302574, 0.04615592956542969, 0.04463348537683487]}