{"experiment": "UBFC-rPPG->PURE", "epoch": 1, "total_epochs": 30, "step": 0, "total_steps": 235, "loss": 3.0572712421417236, "phase": "Training", "firing_rates": [0.04685783386230469, 0.04685783386230469, 0.04747772216796875, 0.04747772216796875, 0.04801368713378906, 0.04801368713378906]}