{"experiment": "UBFC-rPPG->PURE", "epoch": 4, "total_epochs": 30, "step": 160, "total_steps": 235, "loss": 1.9078481197357178, "phase": "Training", "firing_rates": [0.21032480895519257, 0.2154184877872467, 0.20633840560913086, 0.2073226422071457, 0.19993911683559418, 0.20027127861976624]}