{"experiment": "UBFC-rPPG->PURE", "epoch": 3, "total_epochs": 30, "step": 160, "total_steps": 235, "loss": 2.0536842346191406, "phase": "Training", "firing_rates": [0.1832236349582672, 0.19768786430358887, 0.19819727540016174, 0.1984560489654541, 0.1931769847869873, 0.1942359060049057]}