{"experiment": "UBFC-rPPG->PURE", "epoch": 1, "total_epochs": 30, "step": 30, "total_steps": 235, "loss": 1.9368531703948975, "phase": "Training", "firing_rates": [0.19003739953041077, 0.1947772055864334, 0.18504896759986877, 0.18695597350597382, 0.18042074143886566, 0.18251729011535645]}