{"experiment": "UBFC-rPPG->PURE", "epoch": 24, "total_epochs": 30, "step": 110, "total_steps": 235, "loss": 2.011542797088623, "phase": "Training", "firing_rates": [0.04368190839886665, 0.036997031420469284, 0.05332202836871147, 0.045395851135253906, 0.05376415327191353, 0.047210693359375]}