{"experiment": "UBFC-rPPG->PURE", "epoch": 1, "total_epochs": 30, "step": 10, "total_steps": 235, "loss": 1.926854133605957, "phase": "Training", "firing_rates": [0.18652848899364471, 0.18924008309841156, 0.18484798073768616, 0.18532700836658478, 0.18243908882141113, 0.1837923526763916]}