{"experiment": "UBFC-rPPG->PURE", "epoch": 5, "total_epochs": 30, "step": 90, "total_steps": 235, "loss": 2.235147476196289, "phase": "Training", "firing_rates": [0.047142792493104935, 0.04584312438964844, 0.056264687329530716, 0.05324974283576012, 0.05194511637091637, 0.05028057098388672]}