{"experiment": "UBFC-rPPG->PURE", "epoch": 14, "total_epochs": 30, "step": 200, "total_steps": 235, "loss": 2.1442136764526367, "phase": "Training", "firing_rates": [0.05466213449835777, 0.04447650909423828, 0.05915394052863121, 0.05081195756793022, 0.05777416378259659, 0.05382537841796875]}