{"experiment": "UBFC-rPPG->PURE", "epoch": 30, "total_epochs": 30, "step": 40, "total_steps": 235, "loss": 1.9938089847564697, "phase": "Training", "firing_rates": [0.04524192959070206, 0.03625946119427681, 0.04946918413043022, 0.041501235216856, 0.04930553585290909, 0.043251991271972656]}