{"experiment": "UBFC-rPPG->PURE", "epoch": 26, "total_epochs": 30, "step": 40, "total_steps": 235, "loss": 2.235834836959839, "phase": "Training", "firing_rates": [0.0354120247066021, 0.02736339531838894, 0.03973407670855522, 0.03787040710449219, 0.03994560241699219, 0.037533950060606]}