{"experiment": "UBFC-rPPG->PURE", "epoch": 5, "total_epochs": 30, "step": 80, "total_steps": 235, "loss": 1.9402751922607422, "phase": "Training", "firing_rates": [0.1967063993215561, 0.2047889232635498, 0.20168223977088928, 0.2007252722978592, 0.1945793628692627, 0.19586686789989471]}