{"experiment": "UBFC-rPPG->PURE", "epoch": 20, "total_epochs": 30, "step": 40, "total_steps": 235, "loss": 2.6881773471832275, "phase": "Training", "firing_rates": [0.044663239270448685, 0.04064064100384712, 0.05122661590576172, 0.04674720764160156, 0.05107250437140465, 0.0457979217171669]}