{"experiment": "UBFC-rPPG->PURE", "epoch": 4, "total_epochs": 30, "step": 210, "total_steps": 235, "loss": 2.1010637283325195, "phase": "Training", "firing_rates": [0.18802380561828613, 0.20757447183132172, 0.20498953759670258, 0.2068648338317871, 0.1958545297384262, 0.19749970734119415]}