{"experiment": "UBFC-rPPG->PURE", "epoch": 7, "total_epochs": 30, "step": 220, "total_steps": 235, "loss": 2.0582315921783447, "phase": "Training", "firing_rates": [0.043096352368593216, 0.04221668466925621, 0.0496152900159359, 0.04576759412884712, 0.048446085304021835, 0.04497070237994194]}