{"experiment": "UBFC-rPPG->PURE", "epoch": 1, "total_epochs": 30, "step": 140, "total_steps": 235, "loss": 1.9447472095489502, "phase": "Training", "firing_rates": [0.03363781049847603, 0.03363781049847603, 0.04219837114214897, 0.04167328029870987, 0.04342041164636612, 0.04368248209357262]}