{"experiment": "UBFC-rPPG->PURE", "epoch": 10, "total_epochs": 30, "step": 110, "total_steps": 235, "loss": 2.6638641357421875, "phase": "Training", "firing_rates": [0.04776954650878906, 0.04494018480181694, 0.0527469627559185, 0.04897022247314453, 0.05126190185546875, 0.04803180694580078]}