{"experiment": "UBFC-rPPG->PURE", "epoch": 22, "total_epochs": 30, "step": 40, "total_steps": 235, "loss": 1.3777610063552856, "phase": "Training", "firing_rates": [0.04371471330523491, 0.03247985988855362, 0.04662590101361275, 0.04240093380212784, 0.04616851732134819, 0.04151935502886772]}