{"experiment": "UBFC-rPPG->PURE", "epoch": 4, "total_epochs": 30, "step": 170, "total_steps": 235, "loss": 2.0463457107543945, "phase": "Training", "firing_rates": [0.22680926322937012, 0.22534623742103577, 0.2127632200717926, 0.21050038933753967, 0.20133820176124573, 0.20107512176036835]}