{"experiment": "UBFC-rPPG->PURE", "epoch": 3, "total_epochs": 30, "step": 30, "total_steps": 235, "loss": 3.06246280670166, "phase": "Training", "firing_rates": [0.032352447509765625, 0.032352447509765625, 0.04545783996582031, 0.04483985900878906, 0.04693794250488281, 0.04731941223144531]}