{"experiment": "UBFC-rPPG->PURE", "epoch": 5, "total_epochs": 30, "step": 70, "total_steps": 235, "loss": 1.9723294973373413, "phase": "Training", "firing_rates": [0.18851737678050995, 0.2042829543352127, 0.2007693350315094, 0.2005554735660553, 0.194670632481575, 0.19646196067333221]}