{"experiment": "UBFC-rPPG->PURE", "epoch": 1, "total_epochs": 1, "step": 210, "total_steps": 235, "loss": 2.9978554248809814, "firing_rates": [0.041278984397649765, 0.041278984397649765, 0.044074248522520065, 0.04398298263549805, 0.04419989511370659, 0.043324947357177734]}