{"experiment": "UBFC-rPPG->PURE", "epoch": 1, "total_epochs": 30, "step": 110, "total_steps": 235, "loss": 1.7085230350494385, "phase": "Training", "firing_rates": [0.039002228528261185, 0.039002228528261185, 0.048850249499082565, 0.04861583933234215, 0.05152721330523491, 0.051775552332401276]}