{"experiment": "UBFC-rPPG->PURE", "epoch": 22, "total_epochs": 30, "step": 110, "total_steps": 235, "loss": 3.368082284927368, "phase": "Training", "firing_rates": [0.03073406219482422, 0.028437424451112747, 0.03744621202349663, 0.03530941158533096, 0.03759613260626793, 0.0342586524784565]}