{"experiment": "UBFC-rPPG->PURE", "epoch": 23, "total_epochs": 30, "step": 90, "total_steps": 235, "loss": 2.4063072204589844, "phase": "Training", "firing_rates": [0.04231243208050728, 0.0350341796875, 0.04586772993206978, 0.04419269785284996, 0.04573459550738335, 0.044359397143125534]}