{"experiment": "UBFC-rPPG->PURE", "epoch": 5, "total_epochs": 30, "step": 220, "total_steps": 235, "loss": 2.015956163406372, "phase": "Training", "firing_rates": [0.20807842910289764, 0.22949019074440002, 0.21786217391490936, 0.2153446227312088, 0.20608429610729218, 0.20591965317726135]}