{"experiment": "UBFC-rPPG->PURE", "epoch": 3, "total_epochs": 30, "step": 150, "total_steps": 235, "loss": 1.857374906539917, "phase": "Training", "firing_rates": [0.0416412353515625, 0.0416412353515625, 0.048119544982910156, 0.04719581827521324, 0.0486486442387104, 0.04831066355109215]}