{"experiment": "UBFC-rPPG->PURE", "epoch": 21, "total_epochs": 30, "step": 90, "total_steps": 235, "loss": 1.6568388938903809, "phase": "Training", "firing_rates": [0.04698219522833824, 0.04239616543054581, 0.04927501827478409, 0.045297812670469284, 0.0486324317753315, 0.04618129879236221]}