{"experiment": "UBFC-rPPG->PURE", "epoch": 9, "total_epochs": 30, "step": 150, "total_steps": 235, "loss": 2.1735005378723145, "phase": "Training", "firing_rates": [0.03923645243048668, 0.037949372082948685, 0.04362792894244194, 0.04100627824664116, 0.04356537014245987, 0.04247112199664116]}