{"experiment": "UBFC-rPPG->PURE", "epoch": 2, "total_epochs": 30, "step": 20, "total_steps": 235, "loss": 2.140559673309326, "phase": "Training", "firing_rates": [0.23629318177700043, 0.21293854713439941, 0.1965520828962326, 0.19923244416713715, 0.19310131669044495, 0.19388894736766815]}