{"experiment": "UBFC-rPPG->PURE", "epoch": 7, "total_epochs": 30, "step": 180, "total_steps": 235, "loss": 1.7884976863861084, "phase": "Training", "firing_rates": [0.052718546241521835, 0.052718546241521835, 0.060805510729551315, 0.0569332130253315, 0.05833473429083824, 0.05364990234375]}