{"experiment": "UBFC-rPPG->PURE", "epoch": 3, "total_epochs": 30, "step": 0, "total_steps": 235, "loss": 3.0618064403533936, "firing_rates": [0.02289581298828125, 0.02289581298828125, 0.029951095581054688, 0.02994537353515625, 0.030462265014648438, 0.031240463256835938]}