{"experiment": "UBFC-rPPG->PURE", "epoch": 15, "total_epochs": 30, "step": 0, "total_steps": 235, "loss": 2.1188366413116455, "phase": "Training", "firing_rates": [0.04844227060675621, 0.04700927808880806, 0.05049457773566246, 0.046956636011600494, 0.050820350646972656, 0.048157691955566406]}