{"experiment": "UBFC-rPPG->PURE", "epoch": 3, "total_epochs": 30, "step": 230, "total_steps": 235, "loss": 1.7918038368225098, "phase": "Training", "firing_rates": [0.22710195183753967, 0.2302696257829666, 0.21284900605678558, 0.21202822029590607, 0.20319271087646484, 0.20288591086864471]}