{"experiment": "UBFC-rPPG->PURE", "epoch": 1, "total_epochs": 30, "step": 120, "total_steps": 235, "loss": 1.9694548845291138, "phase": "Training", "firing_rates": [0.23480840027332306, 0.21414732933044434, 0.19531284272670746, 0.1972896158695221, 0.19064469635486603, 0.19035278260707855]}