{"experiment": "UBFC-rPPG->PURE", "epoch": 2, "total_epochs": 30, "step": 170, "total_steps": 235, "loss": 2.0334179401397705, "phase": "Training", "firing_rates": [0.16779641807079315, 0.18413010239601135, 0.1867600977420807, 0.18902306258678436, 0.18507161736488342, 0.18376193940639496]}