{"experiment": "UBFC-rPPG->PURE", "epoch": 19, "total_epochs": 30, "step": 60, "total_steps": 235, "loss": 2.1020681858062744, "phase": "Training", "firing_rates": [0.04454193264245987, 0.0382627509534359, 0.04879570007324219, 0.0428735725581646, 0.04883251339197159, 0.04128093644976616]}