{"experiment": "UBFC-rPPG->PURE", "epoch": 2, "total_epochs": 30, "step": 180, "total_steps": 235, "loss": 2.021359920501709, "phase": "Training", "firing_rates": [0.20766201615333557, 0.2049882411956787, 0.19747066497802734, 0.19565434753894806, 0.18987718224525452, 0.1893128901720047]}