{"experiment": "UBFC-rPPG->PURE", "epoch": 7, "total_epochs": 30, "step": 20, "total_steps": 235, "loss": 2.465829849243164, "phase": "Training", "firing_rates": [0.04503002390265465, 0.04396228864789009, 0.05180015787482262, 0.05093536525964737, 0.05126915127038956, 0.049813270568847656]}