{"experiment": "UBFC-rPPG->PURE", "epoch": 20, "total_epochs": 30, "step": 10, "total_steps": 235, "loss": 1.7708146572113037, "phase": "Training", "firing_rates": [0.051911164075136185, 0.046300698071718216, 0.057889558374881744, 0.04843025282025337, 0.05855407938361168, 0.05257091671228409]}