{"experiment": "PURE->UBFC-rPPG", "epoch": 1, "total_epochs": 30, "step": 20, "total_steps": 375, "loss": 2.020097255706787, "phase": "Training", "firing_rates": [0.08108873665332794, 0.08043556660413742, 0.07875638455152512, 0.07751259952783585, 0.07718353718519211, 0.07575540989637375]}