{"experiment": "UBFC-rPPG->PURE", "epoch": 13, "total_epochs": 30, "step": 150, "total_steps": 235, "loss": 1.8855060338974, "phase": "Training", "firing_rates": [0.04791107401251793, 0.04300670698285103, 0.050486184656620026, 0.04536495357751846, 0.04912243038415909, 0.04654655605554581]}