{"experiment": "UBFC-rPPG->PURE", "epoch": 3, "total_epochs": 30, "step": 180, "total_steps": 235, "loss": 2.0151748657226562, "phase": "Training", "firing_rates": [0.21827684342861176, 0.21296167373657227, 0.19893598556518555, 0.20281806588172913, 0.19771037995815277, 0.19855652749538422]}