{"experiment": "UBFC-rPPG->PURE", "epoch": 3, "total_epochs": 30, "step": 150, "total_steps": 235, "loss": 1.93466055393219, "phase": "Training", "firing_rates": [0.18159757554531097, 0.19752350449562073, 0.19371958076953888, 0.1964866667985916, 0.1936241239309311, 0.19398856163024902]}