{"experiment": "UBFC-rPPG->PURE", "epoch": 1, "total_epochs": 30, "step": 60, "total_steps": 235, "loss": 1.8849551677703857, "phase": "Training", "firing_rates": [0.18800511956214905, 0.18986573815345764, 0.1841898411512375, 0.18735341727733612, 0.18131256103515625, 0.18416309356689453]}