{"experiment": "UBFC-rPPG->PURE", "epoch": 23, "total_epochs": 30, "step": 190, "total_steps": 235, "loss": 2.0355992317199707, "phase": "Training", "firing_rates": [0.04487914964556694, 0.0335882194340229, 0.050118446350097656, 0.04288768768310547, 0.04986534267663956, 0.04611034318804741]}