{"experiment": "UBFC-rPPG->PURE", "epoch": 7, "total_epochs": 30, "step": 150, "total_steps": 235, "loss": 2.816758155822754, "phase": "Training", "firing_rates": [0.04760246351361275, 0.04643077775835991, 0.05488624796271324, 0.05214748531579971, 0.05442504957318306, 0.0531274788081646]}