{"experiment": "UBFC-rPPG->PURE", "epoch": 27, "total_epochs": 30, "step": 180, "total_steps": 235, "loss": 2.072232246398926, "phase": "Training", "firing_rates": [0.04563312605023384, 0.03890419006347656, 0.05004272609949112, 0.04461860656738281, 0.050087928771972656, 0.04447498545050621]}