{"experiment": "UBFC-rPPG->PURE", "epoch": 17, "total_epochs": 30, "step": 160, "total_steps": 235, "loss": 1.6964493989944458, "phase": "Training", "firing_rates": [0.047004129737615585, 0.04471302032470703, 0.0504419319331646, 0.04491577297449112, 0.04929943010210991, 0.044420626014471054]}