{"experiment": "UBFC-rPPG->PURE", "epoch": 28, "total_epochs": 30, "step": 130, "total_steps": 235, "loss": 2.018662691116333, "phase": "Training", "firing_rates": [0.04203663021326065, 0.032675933092832565, 0.04633083567023277, 0.03865528106689453, 0.04614982753992081, 0.04055652767419815]}