{"experiment": "UBFC-rPPG->PURE", "epoch": 21, "total_epochs": 30, "step": 60, "total_steps": 235, "loss": 1.9040615558624268, "phase": "Training", "firing_rates": [0.04090690612792969, 0.038389015942811966, 0.04392662271857262, 0.04184837266802788, 0.04354248195886612, 0.0418512336909771]}