{"experiment": "UBFC-rPPG->PURE", "epoch": 3, "total_epochs": 30, "step": 180, "total_steps": 235, "loss": 2.3061940670013428, "phase": "Training", "firing_rates": [0.049604225903749466, 0.049604225903749466, 0.05698280408978462, 0.05561256408691406, 0.055722426623106, 0.05403003841638565]}