{"experiment": "UBFC-rPPG->PURE", "epoch": 19, "total_epochs": 30, "step": 90, "total_steps": 235, "loss": 1.6157772541046143, "phase": "Training", "firing_rates": [0.04201049730181694, 0.0381380096077919, 0.0457269661128521, 0.04190463945269585, 0.044728852808475494, 0.04134788736701012]}