{"experiment": "UBFC-rPPG->PURE", "epoch": 2, "total_epochs": 30, "step": 220, "total_steps": 235, "loss": 1.9674468040466309, "phase": "Training", "firing_rates": [0.12485208362340927, 0.15901251137256622, 0.1727713644504547, 0.17754535377025604, 0.1760709285736084, 0.1776539385318756]}