{"experiment": "UBFC-rPPG->PURE", "epoch": 3, "total_epochs": 30, "step": 20, "total_steps": 235, "loss": 2.9599862098693848, "phase": "Training", "firing_rates": [0.051737021654844284, 0.051737021654844284, 0.06116371229290962, 0.060019493103027344, 0.060271646827459335, 0.05998077616095543]}