{"experiment": "UBFC-rPPG->PURE", "epoch": 14, "total_epochs": 30, "step": 80, "total_steps": 235, "loss": 1.6459314823150635, "phase": "Training", "firing_rates": [0.037604715675115585, 0.032897185534238815, 0.04228668287396431, 0.03944549709558487, 0.04207897186279297, 0.0393497459590435]}