{"experiment": "UBFC-rPPG->PURE", "epoch": 5, "total_epochs": 30, "step": 150, "total_steps": 235, "loss": 2.085775852203369, "phase": "Training", "firing_rates": [0.23407521843910217, 0.2324846237897873, 0.21870775520801544, 0.2142648696899414, 0.20526157319545746, 0.2052595168352127]}