{"experiment": "UBFC-rPPG->PURE", "epoch": 15, "total_epochs": 30, "step": 60, "total_steps": 235, "loss": 1.8484692573547363, "phase": "Training", "firing_rates": [0.04341907426714897, 0.041046142578125, 0.04656658321619034, 0.04190674051642418, 0.04697094112634659, 0.04359474405646324]}