{"experiment": "UBFC-rPPG->PURE", "epoch": 2, "total_epochs": 30, "step": 30, "total_steps": 235, "loss": 2.2306737899780273, "phase": "Training", "firing_rates": [0.047052957117557526, 0.047052957117557526, 0.05683288723230362, 0.05655498430132866, 0.058496858924627304, 0.05898609384894371]}