{"experiment": "UBFC-rPPG->PURE", "epoch": 7, "total_epochs": 30, "step": 120, "total_steps": 235, "loss": 2.55532169342041, "phase": "Training", "firing_rates": [0.055983543395996094, 0.05251941829919815, 0.06485290825366974, 0.060395240783691406, 0.06167640909552574, 0.05900135263800621]}