{"experiment": "UBFC-rPPG->PURE", "epoch": 21, "total_epochs": 30, "step": 150, "total_steps": 235, "loss": 1.9231568574905396, "phase": "Training", "firing_rates": [0.047948457300662994, 0.04175892099738121, 0.050571441650390625, 0.04727306589484215, 0.05032692104578018, 0.04692211374640465]}