{"experiment": "UBFC-rPPG->PURE", "epoch": 25, "total_epochs": 30, "step": 90, "total_steps": 235, "loss": 1.9600927829742432, "phase": "Training", "firing_rates": [0.05387764051556587, 0.04238128662109375, 0.05811157450079918, 0.04931831359863281, 0.058349609375, 0.05176181718707085]}