{"experiment": "UBFC-rPPG->PURE", "epoch": 1, "total_epochs": 1, "step": 130, "total_steps": 235, "loss": 2.9232964515686035, "firing_rates": [0.06499109417200089, 0.06499109417200089, 0.07339368015527725, 0.07308755069971085, 0.0694342628121376, 0.0690518394112587]}