{"experiment": "UBFC-rPPG->PURE", "epoch": 3, "total_epochs": 30, "step": 90, "total_steps": 235, "loss": 2.095503091812134, "phase": "Training", "firing_rates": [0.22085681557655334, 0.2258494347333908, 0.20864950120449066, 0.20950178802013397, 0.20031337440013885, 0.20050835609436035]}