{"experiment": "UBFC-rPPG->PURE", "epoch": 5, "total_epochs": 30, "step": 100, "total_steps": 235, "loss": 1.8303735256195068, "phase": "Training", "firing_rates": [0.20908485352993011, 0.2125568389892578, 0.20464979112148285, 0.20256952941417694, 0.19605207443237305, 0.19730539619922638]}