{"experiment": "UBFC-rPPG->PURE", "epoch": 3, "total_epochs": 30, "step": 80, "total_steps": 235, "loss": 3.0668063163757324, "phase": "Training", "firing_rates": [0.0321807861328125, 0.0321807861328125, 0.045078277587890625, 0.04484748840332031, 0.04652214050292969, 0.04768943786621094]}