{"experiment": "UBFC-rPPG->PURE", "epoch": 1, "total_epochs": 30, "step": 200, "total_steps": 235, "loss": 1.9830567836761475, "phase": "Training", "firing_rates": [0.2340366393327713, 0.22421479225158691, 0.20021358132362366, 0.19806647300720215, 0.19101548194885254, 0.19211970269680023]}