{"experiment": "UBFC-rPPG->PURE", "epoch": 5, "total_epochs": 30, "step": 150, "total_steps": 235, "loss": 3.0626986026763916, "firing_rates": [0.022920608520507812, 0.022920608520507812, 0.03017425537109375, 0.030221939086914062, 0.03251075744628906, 0.03232383728027344]}