{"experiment": "UBFC-rPPG->PURE", "epoch": 20, "total_epochs": 30, "step": 70, "total_steps": 235, "loss": 2.234222888946533, "phase": "Training", "firing_rates": [0.04965228959918022, 0.04194202646613121, 0.05646476894617081, 0.045929718762636185, 0.05619774013757706, 0.04929924011230469]}