{"experiment": "PURE->UBFC-rPPG", "epoch": 1, "total_epochs": 30, "step": 60, "total_steps": 375, "loss": 2.931135416030884, "phase": "Training", "firing_rates": [0.09403009712696075, 0.09116130322217941, 0.09040117263793945, 0.08757014572620392, 0.08935766667127609, 0.08629894256591797]}