{"experiment": "UBFC-rPPG->PURE", "epoch": 18, "total_epochs": 30, "step": 110, "total_steps": 235, "loss": 1.957702398300171, "phase": "Training", "firing_rates": [0.04987850412726402, 0.03928184509277344, 0.051726531237363815, 0.046015169471502304, 0.051339149475097656, 0.043321799486875534]}