{"experiment": "UBFC-rPPG->PURE", "epoch": 16, "total_epochs": 30, "step": 140, "total_steps": 235, "loss": 2.990152359008789, "phase": "Training", "firing_rates": [0.0442684181034565, 0.0394197478890419, 0.04893321916460991, 0.039626121520996094, 0.04800834879279137, 0.04241066053509712]}