{"experiment": "UBFC-rPPG->PURE", "epoch": 27, "total_epochs": 30, "step": 120, "total_steps": 235, "loss": 2.335304021835327, "phase": "Training", "firing_rates": [0.046785928308963776, 0.03585319593548775, 0.05076713487505913, 0.040244102478027344, 0.050714876502752304, 0.04402027279138565]}