{"experiment": "UBFC-rPPG->PURE", "epoch": 15, "total_epochs": 30, "step": 160, "total_steps": 235, "loss": 2.3053295612335205, "phase": "Training", "firing_rates": [0.04122276231646538, 0.034294892102479935, 0.04657020792365074, 0.0415533073246479, 0.04561004787683487, 0.04274559020996094]}