{"experiment": "UBFC-rPPG->PURE", "epoch": 3, "total_epochs": 30, "step": 20, "total_steps": 235, "loss": 2.0241034030914307, "phase": "Training", "firing_rates": [0.19278497993946075, 0.203799769282341, 0.1992875188589096, 0.2023109495639801, 0.19471250474452972, 0.1960030049085617]}