{"experiment": "UBFC-rPPG->PURE", "epoch": 1, "total_epochs": 30, "step": 0, "total_steps": 235, "loss": 3.0651440620422363, "firing_rates": [0.04927635192871094, 0.04927635192871094, 0.04927635192871094, 0.04927635192871094, 0.04930686950683594, 0.04930686950683594]}