{"experiment": "UBFC-rPPG->PURE", "epoch": 5, "total_epochs": 30, "step": 190, "total_steps": 235, "loss": 2.0141708850860596, "phase": "Training", "firing_rates": [0.2237868309020996, 0.217844158411026, 0.20428375899791718, 0.19961118698120117, 0.19194479286670685, 0.19195275008678436]}