{"experiment": "UBFC-rPPG->PURE", "epoch": 28, "total_epochs": 30, "step": 160, "total_steps": 235, "loss": 1.9421238899230957, "phase": "Training", "firing_rates": [0.04486045986413956, 0.03899211809039116, 0.049308013170957565, 0.043500710278749466, 0.04921875149011612, 0.04679222032427788]}