{"experiment": "UBFC-rPPG->PURE", "epoch": 2, "total_epochs": 30, "step": 130, "total_steps": 235, "loss": 2.0392582416534424, "phase": "Training", "firing_rates": [0.18196864426136017, 0.19719938933849335, 0.197282075881958, 0.20035266876220703, 0.1899862289428711, 0.18993405997753143]}