{"experiment": "UBFC-rPPG->PURE", "epoch": 3, "total_epochs": 30, "step": 170, "total_steps": 235, "loss": 2.0117905139923096, "phase": "Training", "firing_rates": [0.14952293038368225, 0.1717534065246582, 0.18093280494213104, 0.18463721871376038, 0.18417353928089142, 0.1876029521226883]}