{"experiment": "UBFC-rPPG->PURE", "epoch": 24, "total_epochs": 30, "step": 200, "total_steps": 235, "loss": 2.4543519020080566, "phase": "Training", "firing_rates": [0.0513494499027729, 0.043875884264707565, 0.05334930494427681, 0.046781349927186966, 0.05324726179242134, 0.04883556440472603]}