{"experiment": "UBFC-rPPG->PURE", "epoch": 2, "total_epochs": 30, "step": 0, "total_steps": 235, "loss": 2.7450666427612305, "phase": "Training", "firing_rates": [0.050464630126953125, 0.050464630126953125, 0.059566497802734375, 0.05939025804400444, 0.06282291561365128, 0.06343650817871094]}