{"experiment": "UBFC-rPPG->PURE", "epoch": 10, "total_epochs": 30, "step": 200, "total_steps": 235, "loss": 1.8390147686004639, "phase": "Training", "firing_rates": [0.04137745127081871, 0.036597251892089844, 0.045531272888183594, 0.043047524988651276, 0.044608499854803085, 0.04273185878992081]}