{"experiment": "UBFC-rPPG->PURE", "epoch": 6, "total_epochs": 30, "step": 200, "total_steps": 235, "loss": 2.799820899963379, "phase": "Training", "firing_rates": [0.047116853296756744, 0.046051979064941406, 0.052516937255859375, 0.05115528032183647, 0.05262603983283043, 0.05195140838623047]}