{"experiment": "UBFC-rPPG->PURE", "epoch": 28, "total_epochs": 30, "step": 200, "total_steps": 235, "loss": 2.770143747329712, "phase": "Training", "firing_rates": [0.04600048065185547, 0.036493875086307526, 0.04994010925292969, 0.04530010372400284, 0.049740981310606, 0.047002602368593216]}