{"experiment": "UBFC-rPPG->PURE", "epoch": 26, "total_epochs": 30, "step": 100, "total_steps": 235, "loss": 2.2416446208953857, "phase": "Training", "firing_rates": [0.04269561916589737, 0.03348274156451225, 0.04735450819134712, 0.04020099714398384, 0.04766903072595596, 0.04090175777673721]}