{"experiment": "UBFC-rPPG->PURE", "epoch": 21, "total_epochs": 30, "step": 220, "total_steps": 235, "loss": 2.115262269973755, "phase": "Training", "firing_rates": [0.04391517862677574, 0.04012260586023331, 0.04754829406738281, 0.045018959790468216, 0.047591209411621094, 0.04434490203857422]}