{"experiment": "UBFC-rPPG->PURE", "epoch": 3, "total_epochs": 30, "step": 120, "total_steps": 235, "loss": 3.061821699142456, "firing_rates": [0.0286865234375, 0.0286865234375, 0.03439903259277344, 0.03463935852050781, 0.034030914306640625, 0.03430366516113281]}