{"experiment": "UBFC-rPPG->PURE", "epoch": 16, "total_epochs": 30, "step": 80, "total_steps": 235, "loss": 1.8149573802947998, "phase": "Training", "firing_rates": [0.04982509836554527, 0.04509162902832031, 0.0523797981441021, 0.042467501014471054, 0.05287933349609375, 0.04608192667365074]}