{"experiment": "UBFC-rPPG->PURE", "epoch": 3, "total_epochs": 30, "step": 190, "total_steps": 235, "loss": 1.8973981142044067, "phase": "Training", "firing_rates": [0.1973954290151596, 0.21627835929393768, 0.20589938759803772, 0.20585985481739044, 0.20003032684326172, 0.2001480609178543]}