{"experiment": "UBFC-rPPG->PURE", "epoch": 2, "total_epochs": 30, "step": 120, "total_steps": 235, "loss": 3.0620365142822266, "phase": "Training", "firing_rates": [0.032390594482421875, 0.032390594482421875, 0.04384040832519531, 0.042911529541015625, 0.04598426818847656, 0.046283721923828125]}