{"experiment": "UBFC-rPPG->PURE", "epoch": 4, "total_epochs": 30, "step": 40, "total_steps": 235, "loss": 1.9579589366912842, "phase": "Training", "firing_rates": [0.058264922350645065, 0.05640754848718643, 0.06293659657239914, 0.06177864223718643, 0.059302713721990585, 0.058832552284002304]}