{"experiment": "UBFC-rPPG->PURE", "epoch": 30, "total_epochs": 30, "step": 160, "total_steps": 235, "loss": 2.6219570636749268, "phase": "Training", "firing_rates": [0.047975923866033554, 0.03468971326947212, 0.04828033596277237, 0.0417112372815609, 0.048044588416814804, 0.04487438127398491]}