{"experiment": "UBFC-rPPG->PURE", "epoch": 4, "total_epochs": 30, "step": 200, "total_steps": 235, "loss": 3.062129259109497, "firing_rates": [0.02750396728515625, 0.02750396728515625, 0.036815643310546875, 0.03690910339355469, 0.03751945495605469, 0.037708282470703125]}