{"experiment": "UBFC-rPPG->PURE", "epoch": 6, "total_epochs": 30, "step": 100, "total_steps": 235, "loss": 2.1123523712158203, "phase": "Training", "firing_rates": [0.03897857666015625, 0.03897857666015625, 0.047265052795410156, 0.04451427608728409, 0.04465999826788902, 0.04236011579632759]}