{"experiment": "UBFC-rPPG->PURE", "epoch": 20, "total_epochs": 30, "step": 110, "total_steps": 235, "loss": 2.2131741046905518, "phase": "Training", "firing_rates": [0.04399127885699272, 0.03430461883544922, 0.04849128797650337, 0.045092202723026276, 0.04838619381189346, 0.04417228698730469]}