{"experiment": "UBFC-rPPG->PURE", "epoch": 1, "total_epochs": 30, "step": 80, "total_steps": 235, "loss": 2.06514835357666, "phase": "Training", "firing_rates": [0.20241256058216095, 0.19431090354919434, 0.18821993470191956, 0.19182191789150238, 0.18343377113342285, 0.18511109054088593]}