{"experiment": "UBFC-rPPG->PURE", "epoch": 10, "total_epochs": 30, "step": 40, "total_steps": 235, "loss": 1.9151523113250732, "phase": "Training", "firing_rates": [0.04831523820757866, 0.04443397745490074, 0.05306548997759819, 0.04880504682660103, 0.051427461206912994, 0.047738075256347656]}