{"experiment": "UBFC-rPPG->PURE", "epoch": 1, "total_epochs": 30, "step": 180, "total_steps": 235, "loss": 2.0794572830200195, "phase": "Training", "firing_rates": [0.21361084282398224, 0.20490603148937225, 0.1922347992658615, 0.19243212044239044, 0.182961568236351, 0.1847846955060959]}