{"experiment": "UBFC-rPPG->PURE", "epoch": 3, "total_epochs": 30, "step": 190, "total_steps": 235, "loss": 3.086893320083618, "firing_rates": [0.028568267822265625, 0.028568267822265625, 0.03571510314941406, 0.03569984436035156, 0.035060882568359375, 0.035186767578125]}