{"experiment": "UBFC-rPPG->PURE", "epoch": 30, "total_epochs": 30, "step": 100, "total_steps": 235, "loss": 1.5850307941436768, "phase": "Training", "firing_rates": [0.03193073347210884, 0.026137351989746094, 0.042081069201231, 0.03553466871380806, 0.04196357727050781, 0.0364990234375]}