{"experiment": "UBFC-rPPG->PURE", "epoch": 1, "total_epochs": 30, "step": 220, "total_steps": 235, "loss": 3.061788558959961, "firing_rates": [0.032848358154296875, 0.032848358154296875, 0.042034149169921875, 0.04205894470214844, 0.04393577575683594, 0.044795989990234375]}