{"experiment": "UBFC-rPPG->PURE", "epoch": 4, "total_epochs": 30, "step": 50, "total_steps": 235, "loss": 1.9323493242263794, "phase": "Training", "firing_rates": [0.17932148277759552, 0.19998688995838165, 0.1962175816297531, 0.19625845551490784, 0.19262538850307465, 0.1955036222934723]}