{"experiment": "UBFC-rPPG->PURE", "epoch": 3, "total_epochs": 30, "step": 100, "total_steps": 235, "loss": 2.009065866470337, "phase": "Training", "firing_rates": [0.2030351161956787, 0.21836672723293304, 0.20800743997097015, 0.21102909743785858, 0.20116524398326874, 0.19939418137073517]}