{"experiment": "UBFC-rPPG->PURE", "epoch": 4, "total_epochs": 30, "step": 80, "total_steps": 235, "loss": 1.9967836141586304, "phase": "Training", "firing_rates": [0.21146264672279358, 0.21592645347118378, 0.20591354370117188, 0.20628724992275238, 0.1992485076189041, 0.2008627951145172]}