{"experiment": "UBFC-rPPG->PURE", "epoch": 17, "total_epochs": 30, "step": 30, "total_steps": 235, "loss": 2.116389036178589, "phase": "Training", "firing_rates": [0.047614097595214844, 0.04346103593707085, 0.05030231550335884, 0.045523833483457565, 0.04931030422449112, 0.04581203684210777]}