{"experiment": "UBFC-rPPG->PURE", "epoch": 14, "total_epochs": 30, "step": 110, "total_steps": 235, "loss": 2.0708415508270264, "phase": "Training", "firing_rates": [0.046044349670410156, 0.04470081254839897, 0.049407005310058594, 0.04579982906579971, 0.049300193786621094, 0.04625854641199112]}