{"experiment": "UBFC-rPPG->PURE", "epoch": 14, "total_epochs": 30, "step": 40, "total_steps": 235, "loss": 1.9199213981628418, "phase": "Training", "firing_rates": [0.05337486416101456, 0.047570228576660156, 0.05784950405359268, 0.04996929317712784, 0.05674495920538902, 0.0512353889644146]}