{"experiment": "UBFC-rPPG->PURE", "epoch": 2, "total_epochs": 30, "step": 130, "total_steps": 235, "loss": 2.382791042327881, "phase": "Training", "firing_rates": [0.04863281175494194, 0.04863281175494194, 0.05769672617316246, 0.05753631517291069, 0.05863151699304581, 0.05809459835290909]}