{"experiment": "UBFC-rPPG->PURE", "epoch": 12, "total_epochs": 30, "step": 170, "total_steps": 235, "loss": 2.1381306648254395, "phase": "Training", "firing_rates": [0.04376068338751793, 0.04015827178955078, 0.04727935791015625, 0.042871665209531784, 0.046830177307128906, 0.043764304369688034]}