{"experiment": "UBFC-rPPG->PURE", "epoch": 5, "total_epochs": 30, "step": 230, "total_steps": 235, "loss": 1.9398210048675537, "phase": "Training", "firing_rates": [0.2547166347503662, 0.25335779786109924, 0.22802744805812836, 0.22545452415943146, 0.20952200889587402, 0.21168093383312225]}