{"experiment": "UBFC-rPPG->PURE", "epoch": 8, "total_epochs": 30, "step": 170, "total_steps": 235, "loss": 2.7852065563201904, "phase": "Training", "firing_rates": [0.05538234859704971, 0.05218696594238281, 0.06129741668701172, 0.05941352993249893, 0.059603311121463776, 0.05772686004638672]}