{"experiment": "UBFC-rPPG->PURE", "epoch": 24, "total_epochs": 30, "step": 40, "total_steps": 235, "loss": 1.4882230758666992, "phase": "Training", "firing_rates": [0.03800392150878906, 0.035311318933963776, 0.04617653042078018, 0.04119453579187393, 0.04674682766199112, 0.04292869567871094]}