{"experiment": "UBFC-rPPG->PURE", "epoch": 18, "total_epochs": 30, "step": 80, "total_steps": 235, "loss": 2.8134090900421143, "phase": "Training", "firing_rates": [0.04094371944665909, 0.03900928422808647, 0.04234600067138672, 0.039785195142030716, 0.04256878048181534, 0.041298676282167435]}