{"experiment": "UBFC-rPPG->PURE", "epoch": 27, "total_epochs": 30, "step": 90, "total_steps": 235, "loss": 2.027264356613159, "phase": "Training", "firing_rates": [0.04530658945441246, 0.03818321228027344, 0.04753837734460831, 0.04296150431036949, 0.04757804796099663, 0.04519672319293022]}