{"experiment": "UBFC-rPPG->PURE", "epoch": 1, "total_epochs": 30, "step": 70, "total_steps": 235, "loss": 3.0406699180603027, "phase": "Training", "firing_rates": [0.03050823323428631, 0.03050823323428631, 0.03814525529742241, 0.03811207041144371, 0.03960094600915909, 0.03979511186480522]}