{"experiment": "UBFC-rPPG->PURE", "epoch": 1, "total_epochs": 1, "step": 160, "total_steps": 235, "loss": 2.986227512359619, "firing_rates": [0.022034693509340286, 0.022034693509340286, 0.029561137780547142, 0.02951665036380291, 0.029623746871948242, 0.02886199951171875]}