{"experiment": "PURE->UBFC-rPPG", "epoch": 1, "total_epochs": 30, "step": 70, "total_steps": 375, "loss": 2.176900863647461, "phase": "Training", "firing_rates": [0.08730264008045197, 0.08348522335290909, 0.08135075867176056, 0.0793541893362999, 0.08157172054052353, 0.07780566066503525]}