{"experiment": "UBFC-rPPG->PURE", "epoch": 4, "total_epochs": 30, "step": 120, "total_steps": 235, "loss": 1.864065408706665, "phase": "Training", "firing_rates": [0.19409504532814026, 0.20816893875598907, 0.20569805800914764, 0.20462274551391602, 0.19994907081127167, 0.20226407051086426]}