{"experiment": "UBFC-rPPG->PURE", "epoch": 20, "total_epochs": 30, "step": 200, "total_steps": 235, "loss": 2.0069525241851807, "phase": "Training", "firing_rates": [0.041094209998846054, 0.03262291103601456, 0.046904947608709335, 0.04116039350628853, 0.0432344451546669, 0.041025735437870026]}