{"experiment": "UBFC-rPPG->PURE", "epoch": 11, "total_epochs": 30, "step": 60, "total_steps": 235, "loss": 3.2192227840423584, "phase": "Training", "firing_rates": [0.0326574333012104, 0.03083496168255806, 0.03797454759478569, 0.0358402244746685, 0.03673115000128746, 0.03370952606201172]}