{"experiment": "UBFC-rPPG->PURE", "epoch": 17, "total_epochs": 30, "step": 190, "total_steps": 235, "loss": 2.205259084701538, "phase": "Training", "firing_rates": [0.04602375254034996, 0.042257118970155716, 0.049399759620428085, 0.04229793697595596, 0.04849529266357422, 0.04247589036822319]}