{"experiment": "UBFC-rPPG->PURE", "epoch": 5, "total_epochs": 30, "step": 210, "total_steps": 235, "loss": 2.054500102996826, "phase": "Training", "firing_rates": [0.20280061662197113, 0.22231750190258026, 0.2150108367204666, 0.21125750243663788, 0.20068411529064178, 0.20094862580299377]}