{"experiment": "UBFC-rPPG->PURE", "epoch": 13, "total_epochs": 30, "step": 120, "total_steps": 235, "loss": 2.165757894515991, "phase": "Training", "firing_rates": [0.04640979692339897, 0.04361572489142418, 0.04942302778363228, 0.04472522810101509, 0.04819145426154137, 0.045461464673280716]}