{"experiment": "UBFC-rPPG->PURE", "epoch": 8, "total_epochs": 30, "step": 200, "total_steps": 235, "loss": 1.5131155252456665, "phase": "Training", "firing_rates": [0.057317543774843216, 0.05039577558636665, 0.06239623948931694, 0.05826206132769585, 0.06008338928222656, 0.05687084421515465]}