{"experiment": "UBFC-rPPG->PURE", "epoch": 1, "total_epochs": 1, "step": 140, "total_steps": 235, "loss": 2.9973857402801514, "firing_rates": [0.05247664451599121, 0.05247664451599121, 0.05802593380212784, 0.058002471923828125, 0.05654602125287056, 0.05654139444231987]}