{"experiment": "UBFC-rPPG->PURE", "epoch": 30, "total_epochs": 30, "step": 0, "total_steps": 235, "loss": 1.967593789100647, "phase": "Training", "firing_rates": [0.03462658077478409, 0.027712060138583183, 0.046017836779356, 0.036865234375, 0.04621753841638565, 0.03927631303668022]}