{"experiment": "UBFC-rPPG->PURE", "epoch": 27, "total_epochs": 30, "step": 150, "total_steps": 235, "loss": 1.8143563270568848, "phase": "Training", "firing_rates": [0.04232292249798775, 0.03626098856329918, 0.04463787004351616, 0.04269447550177574, 0.04432087019085884, 0.04269829019904137]}