{"experiment": "UBFC-rPPG->PURE", "epoch": 18, "total_epochs": 30, "step": 10, "total_steps": 235, "loss": 2.3846797943115234, "phase": "Training", "firing_rates": [0.053543854504823685, 0.04537544399499893, 0.057604026049375534, 0.04725456237792969, 0.05372219160199165, 0.04773254320025444]}