{"experiment": "UBFC-rPPG->PURE", "epoch": 6, "total_epochs": 30, "step": 40, "total_steps": 235, "loss": 1.7332170009613037, "phase": "Training", "firing_rates": [0.05318183824419975, 0.05318183824419975, 0.05967464670538902, 0.0574161522090435, 0.0566926971077919, 0.05651874467730522]}