{"experiment": "UBFC-rPPG->PURE", "epoch": 2, "total_epochs": 30, "step": 10, "total_steps": 235, "loss": 3.0623674392700195, "phase": "Training", "firing_rates": [0.0230560302734375, 0.0230560302734375, 0.03363227844238281, 0.033580780029296875, 0.03629112243652344, 0.03664207458496094]}