{"experiment": "UBFC-rPPG->PURE", "epoch": 5, "total_epochs": 30, "step": 180, "total_steps": 235, "loss": 2.5715558528900146, "phase": "Training", "firing_rates": [0.051882363855838776, 0.051882363855838776, 0.05755748972296715, 0.05545692518353462, 0.05382499843835831, 0.05381126329302788]}