{"experiment": "UBFC-rPPG->PURE", "epoch": 18, "total_epochs": 30, "step": 140, "total_steps": 235, "loss": 2.0056872367858887, "phase": "Training", "firing_rates": [0.046262551099061966, 0.03999900817871094, 0.04867134243249893, 0.04237251356244087, 0.047759246081113815, 0.043137360364198685]}