{"experiment": "UBFC-rPPG->PURE", "epoch": 27, "total_epochs": 30, "step": 50, "total_steps": 235, "loss": 2.2275824546813965, "phase": "Training", "firing_rates": [0.04120159149169922, 0.03436470031738281, 0.045513153076171875, 0.040000151842832565, 0.04379749298095703, 0.04127826914191246]}