{"experiment": "UBFC-rPPG->PURE", "epoch": 1, "total_epochs": 30, "step": 190, "total_steps": 235, "loss": 2.0744705200195312, "phase": "Training", "firing_rates": [0.1967746764421463, 0.20888271927833557, 0.19379186630249023, 0.19598017632961273, 0.19080395996570587, 0.19286823272705078]}