{"experiment": "UBFC-rPPG->PURE", "epoch": 5, "total_epochs": 30, "step": 40, "total_steps": 235, "loss": 1.8749359846115112, "phase": "Training", "firing_rates": [0.23225918412208557, 0.23398414254188538, 0.212153822183609, 0.2115219682455063, 0.2022113800048828, 0.19793133437633514]}