{"experiment": "UBFC-rPPG->PURE", "epoch": 3, "total_epochs": 30, "step": 210, "total_steps": 235, "loss": 2.0906982421875, "phase": "Training", "firing_rates": [0.19362664222717285, 0.1986341029405594, 0.19707421958446503, 0.20060420036315918, 0.19433484971523285, 0.19563432037830353]}