{"experiment": "UBFC-rPPG->PURE", "epoch": 1, "total_epochs": 1, "step": 30, "total_steps": 235, "loss": 3.080536127090454, "firing_rates": [0.053008317947387695, 0.053008317947387695, 0.05758638307452202, 0.0573609359562397, 0.059069301933050156, 0.05909280851483345]}