{"experiment": "UBFC-rPPG->PURE", "epoch": 2, "total_epochs": 30, "step": 80, "total_steps": 235, "loss": 1.9892597198486328, "phase": "Training", "firing_rates": [0.2442229837179184, 0.22296419739723206, 0.20656715333461761, 0.20605264604091644, 0.19805827736854553, 0.198486328125]}