{"experiment": "UBFC-rPPG->PURE", "epoch": 2, "total_epochs": 30, "step": 40, "total_steps": 235, "loss": 1.9164087772369385, "phase": "Training", "firing_rates": [0.21807065606117249, 0.20814600586891174, 0.1962449550628662, 0.19884072244167328, 0.19400368630886078, 0.1954030990600586]}