{"experiment": "UBFC-rPPG->PURE", "epoch": 2, "total_epochs": 30, "step": 180, "total_steps": 235, "loss": 3.062234878540039, "firing_rates": [0.02909088134765625, 0.02909088134765625, 0.035709381103515625, 0.03606224060058594, 0.03732872009277344, 0.03788948059082031]}