{"experiment": "PURE->UBFC-rPPG", "epoch": 1, "total_epochs": 30, "step": 50, "total_steps": 375, "loss": 2.242427110671997, "phase": "Training", "firing_rates": [0.09910016506910324, 0.09630360454320908, 0.09588327258825302, 0.09308715164661407, 0.09476371109485626, 0.09121518582105637]}