{"experiment": "UBFC-rPPG->PURE", "epoch": 2, "total_epochs": 30, "step": 60, "total_steps": 235, "loss": 3.062500476837158, "phase": "Training", "firing_rates": [0.03143501281738281, 0.03143501281738281, 0.04417610168457031, 0.044094085693359375, 0.04788398742675781, 0.04837989807128906]}