{"experiment": "UBFC-rPPG->PURE", "epoch": 11, "total_epochs": 30, "step": 120, "total_steps": 235, "loss": 2.1353278160095215, "phase": "Training", "firing_rates": [0.050119783729314804, 0.044426918029785156, 0.051772501319646835, 0.04688568040728569, 0.05049095302820206, 0.045531272888183594]}