{"experiment": "UBFC-rPPG->PURE", "epoch": 3, "total_epochs": 30, "step": 50, "total_steps": 235, "loss": 1.8327431678771973, "phase": "Training", "firing_rates": [0.04419403150677681, 0.04419403150677681, 0.05128040537238121, 0.05073127895593643, 0.05304279550909996, 0.05264472961425781]}