{"experiment": "UBFC-rPPG->PURE", "epoch": 30, "total_epochs": 30, "step": 130, "total_steps": 235, "loss": 2.519432306289673, "phase": "Training", "firing_rates": [0.03716888651251793, 0.03096923790872097, 0.03920383378863335, 0.035447120666503906, 0.04031562805175781, 0.036001015454530716]}