{"experiment": "UBFC-rPPG->PURE", "epoch": 1, "total_epochs": 30, "step": 210, "total_steps": 235, "loss": 2.196375846862793, "phase": "Training", "firing_rates": [0.04113807901740074, 0.04113807901740074, 0.048520661890506744, 0.04835987091064453, 0.051129914820194244, 0.05153808742761612]}