{"experiment": "UBFC-rPPG->PURE", "epoch": 19, "total_epochs": 30, "step": 30, "total_steps": 235, "loss": 2.2074456214904785, "phase": "Training", "firing_rates": [0.03810310363769531, 0.03323955461382866, 0.04103431850671768, 0.03669891506433487, 0.042020417749881744, 0.03753509745001793]}