{"experiment": "UBFC-rPPG->PURE", "epoch": 1, "total_epochs": 1, "step": 180, "total_steps": 235, "loss": 2.9823074340820312, "firing_rates": [0.03946118429303169, 0.037087250500917435, 0.044301461428403854, 0.04406891018152237, 0.04399127885699272, 0.04255213961005211]}