{"experiment": "UBFC-rPPG->PURE", "epoch": 4, "total_epochs": 30, "step": 180, "total_steps": 235, "loss": 2.2152469158172607, "phase": "Training", "firing_rates": [0.19636335968971252, 0.21171794831752777, 0.20709195733070374, 0.2066522091627121, 0.1996438056230545, 0.20040646195411682]}