{"experiment": "UBFC-rPPG->PURE", "epoch": 5, "total_epochs": 30, "step": 20, "total_steps": 235, "loss": 2.0607378482818604, "phase": "Training", "firing_rates": [0.17699527740478516, 0.19928617775440216, 0.2019249051809311, 0.20421285927295685, 0.1946597546339035, 0.1954551786184311]}