{"experiment": "UBFC-rPPG->PURE", "epoch": 22, "total_epochs": 30, "step": 170, "total_steps": 235, "loss": 1.9505691528320312, "phase": "Training", "firing_rates": [0.0474180243909359, 0.04437980800867081, 0.05190696939826012, 0.046663474291563034, 0.051892854273319244, 0.04580250009894371]}