{"experiment": "UBFC-rPPG->PURE", "epoch": 11, "total_epochs": 30, "step": 190, "total_steps": 235, "loss": 2.1778879165649414, "phase": "Training", "firing_rates": [0.04893035814166069, 0.042691994458436966, 0.05379123613238335, 0.04747162014245987, 0.05266303941607475, 0.04801368713378906]}