{"experiment": "UBFC-rPPG->PURE", "epoch": 30, "total_epochs": 30, "step": 200, "total_steps": 235, "loss": 1.640805721282959, "phase": "Training", "firing_rates": [0.042633820325136185, 0.03340473398566246, 0.0490570068359375, 0.040300752967596054, 0.04948539659380913, 0.04395351558923721]}