{"experiment": "UBFC-rPPG->PURE", "epoch": 3, "total_epochs": 30, "step": 100, "total_steps": 235, "loss": 3.061483860015869, "phase": "Training", "firing_rates": [0.031978607177734375, 0.031978607177734375, 0.045806884765625, 0.04591178894042969, 0.04841804504394531, 0.04989433288574219]}