{"experiment": "UBFC-rPPG->PURE", "epoch": 5, "total_epochs": 30, "step": 10, "total_steps": 235, "loss": 2.0850396156311035, "phase": "Training", "firing_rates": [0.18783770501613617, 0.19157157838344574, 0.19538183510303497, 0.1962907761335373, 0.19062809646129608, 0.1935894936323166]}