{"experiment": "UBFC-rPPG->PURE", "epoch": 23, "total_epochs": 30, "step": 120, "total_steps": 235, "loss": 1.9315130710601807, "phase": "Training", "firing_rates": [0.048532675951719284, 0.04144325479865074, 0.05257720872759819, 0.04651832580566406, 0.05237693712115288, 0.04773006588220596]}