{"experiment": "UBFC-rPPG->PURE", "epoch": 6, "total_epochs": 30, "step": 70, "total_steps": 235, "loss": 2.5743794441223145, "phase": "Training", "firing_rates": [0.04501514509320259, 0.04501514509320259, 0.05222034454345703, 0.04912853240966797, 0.04923401027917862, 0.0457332618534565]}