{"experiment": "UBFC-rPPG->PURE", "epoch": 12, "total_epochs": 30, "step": 40, "total_steps": 235, "loss": 2.8281795978546143, "phase": "Training", "firing_rates": [0.05022735521197319, 0.04677543789148331, 0.05427532270550728, 0.05358390882611275, 0.05365276336669922, 0.051467325538396835]}