{"experiment": "UBFC-rPPG->PURE", "epoch": 7, "total_epochs": 30, "step": 60, "total_steps": 235, "loss": 1.7841460704803467, "phase": "Training", "firing_rates": [0.04928893968462944, 0.04928893968462944, 0.057094573974609375, 0.05377674102783203, 0.056668471544981, 0.05067272111773491]}