{"experiment": "UBFC-rPPG->PURE", "epoch": 1, "total_epochs": 1, "step": 200, "total_steps": 235, "loss": 3.0482723712921143, "firing_rates": [0.053563691675662994, 0.053563691675662994, 0.061277296394109726, 0.06049294397234917, 0.059363316744565964, 0.05824751779437065]}