{"experiment": "UBFC-rPPG->PURE", "epoch": 6, "total_epochs": 30, "step": 140, "total_steps": 235, "loss": 2.216012954711914, "phase": "Training", "firing_rates": [0.03782005235552788, 0.03782005235552788, 0.045497894287109375, 0.041600801050662994, 0.045389749109745026, 0.04059905931353569]}