{"experiment": "UBFC-rPPG->PURE", "epoch": 4, "total_epochs": 30, "step": 60, "total_steps": 235, "loss": 1.9827431440353394, "phase": "Training", "firing_rates": [0.22560344636440277, 0.225172758102417, 0.2105923742055893, 0.21348166465759277, 0.20331025123596191, 0.2025591880083084]}