{"experiment": "UBFC-rPPG->PURE", "epoch": 1, "total_epochs": 30, "step": 110, "total_steps": 235, "loss": 1.994881272315979, "phase": "Training", "firing_rates": [0.22762571275234222, 0.20704498887062073, 0.1917654126882553, 0.1926538497209549, 0.1861506998538971, 0.18654541671276093]}