{"experiment": "UBFC-rPPG->PURE", "epoch": 24, "total_epochs": 30, "step": 170, "total_steps": 235, "loss": 1.5696332454681396, "phase": "Training", "firing_rates": [0.04323863983154297, 0.036832619458436966, 0.04706154018640518, 0.043540000915527344, 0.04693756252527237, 0.043161965906620026]}