{"experiment": "UBFC-rPPG->PURE", "epoch": 1, "total_epochs": 1, "step": 50, "total_steps": 235, "loss": 2.9542911052703857, "firing_rates": [0.05691204220056534, 0.05691204220056534, 0.062413882464170456, 0.062420036643743515, 0.06224102899432182, 0.06219811365008354]}