{"experiment": "UBFC-rPPG->PURE", "epoch": 2, "total_epochs": 30, "step": 10, "total_steps": 235, "loss": 2.0174689292907715, "phase": "Training", "firing_rates": [0.20320801436901093, 0.20597882568836212, 0.1921839714050293, 0.19374766945838928, 0.18570576608181, 0.1876889318227768]}