{"experiment": "UBFC-rPPG->PURE", "epoch": 2, "total_epochs": 30, "step": 100, "total_steps": 235, "loss": 2.5642316341400146, "phase": "Training", "firing_rates": [0.05854549631476402, 0.05854549631476402, 0.06848754733800888, 0.06794147938489914, 0.06705360859632492, 0.06673087924718857]}