{"experiment": "UBFC-rPPG->PURE", "epoch": 22, "total_epochs": 30, "step": 200, "total_steps": 235, "loss": 1.8791160583496094, "phase": "Training", "firing_rates": [0.04197387769818306, 0.03593292459845543, 0.04917926713824272, 0.04281444475054741, 0.049660492688417435, 0.0428735725581646]}