{"experiment": "UBFC-rPPG->PURE", "epoch": 8, "total_epochs": 30, "step": 40, "total_steps": 235, "loss": 2.6837754249572754, "phase": "Training", "firing_rates": [0.05417156219482422, 0.05103645473718643, 0.06324215233325958, 0.058425333350896835, 0.06027107313275337, 0.05566234514117241]}