{"experiment": "UBFC-rPPG->PURE", "epoch": 9, "total_epochs": 30, "step": 60, "total_steps": 235, "loss": 2.2180259227752686, "phase": "Training", "firing_rates": [0.05047912523150444, 0.045793917030096054, 0.059633828699588776, 0.05615844950079918, 0.05858593061566353, 0.054715730249881744]}