{"experiment": "UBFC-rPPG->PURE", "epoch": 4, "total_epochs": 30, "step": 200, "total_steps": 235, "loss": 1.8409218788146973, "phase": "Training", "firing_rates": [0.0526643767952919, 0.0526643767952919, 0.057081032544374466, 0.05599994584918022, 0.05441799387335777, 0.053755950182676315]}