{"experiment": "UBFC-rPPG->PURE", "epoch": 24, "total_epochs": 30, "step": 10, "total_steps": 235, "loss": 1.4556162357330322, "phase": "Training", "firing_rates": [0.04600067064166069, 0.03655662760138512, 0.048566438257694244, 0.042554475367069244, 0.0489070899784565, 0.04424400255084038]}