{"experiment": "UBFC-rPPG->PURE", "epoch": 23, "total_epochs": 30, "step": 60, "total_steps": 235, "loss": 2.1550278663635254, "phase": "Training", "firing_rates": [0.04693145677447319, 0.04009990766644478, 0.0497625358402729, 0.044559478759765625, 0.049599647521972656, 0.04604625701904297]}