{"experiment": "UBFC-rPPG->PURE", "epoch": 22, "total_epochs": 30, "step": 70, "total_steps": 235, "loss": 1.4220843315124512, "phase": "Training", "firing_rates": [0.0429229736328125, 0.031261444091796875, 0.044889070093631744, 0.040105439722537994, 0.04454097896814346, 0.03954048082232475]}