{"experiment": "UBFC-rPPG->PURE", "epoch": 1, "total_epochs": 1, "step": 20, "total_steps": 235, "loss": 3.1885766983032227, "firing_rates": [0.047759294509887695, 0.047759294509887695, 0.0534001849591732, 0.05337891727685928, 0.05356874689459801, 0.053559351712465286]}