{"experiment": "UBFC-rPPG->PURE", "epoch": 8, "total_epochs": 30, "step": 110, "total_steps": 235, "loss": 2.1451361179351807, "phase": "Training", "firing_rates": [0.046601105481386185, 0.046601105481386185, 0.04926128312945366, 0.04755420610308647, 0.050280001014471054, 0.0489986427128315]}