{"experiment": "UBFC-rPPG->PURE", "epoch": 3, "total_epochs": 30, "step": 0, "total_steps": 235, "loss": 2.1207358837127686, "phase": "Training", "firing_rates": [0.21417708694934845, 0.20871038734912872, 0.19747643172740936, 0.1960848867893219, 0.19117312133312225, 0.19141177833080292]}