{"experiment": "UBFC-rPPG->PURE", "epoch": 14, "total_epochs": 30, "step": 170, "total_steps": 235, "loss": 2.346961498260498, "phase": "Training", "firing_rates": [0.044481661170721054, 0.04195690155029297, 0.04777946695685387, 0.045137789100408554, 0.04672641679644585, 0.043645478785037994]}