{"experiment": "UBFC-rPPG->PURE", "epoch": 25, "total_epochs": 30, "step": 60, "total_steps": 235, "loss": 2.0532937049865723, "phase": "Training", "firing_rates": [0.05319805070757866, 0.04063815996050835, 0.05928077921271324, 0.049886513501405716, 0.05923118814826012, 0.05120067670941353]}