{"experiment": "UBFC-rPPG->PURE", "epoch": 13, "total_epochs": 30, "step": 60, "total_steps": 235, "loss": 1.8518579006195068, "phase": "Training", "firing_rates": [0.05290184170007706, 0.04780445247888565, 0.05728263780474663, 0.0485139861702919, 0.055860139429569244, 0.04991970211267471]}