{"experiment": "UBFC-rPPG->PURE", "epoch": 5, "total_epochs": 30, "step": 170, "total_steps": 235, "loss": 2.1407504081726074, "phase": "Training", "firing_rates": [0.20698809623718262, 0.21012024581432343, 0.20238709449768066, 0.20143914222717285, 0.19489537179470062, 0.19586043059825897]}