{"experiment": "UBFC-rPPG->PURE", "epoch": 2, "total_epochs": 30, "step": 140, "total_steps": 235, "loss": 2.0907397270202637, "phase": "Training", "firing_rates": [0.16524620354175568, 0.17893195152282715, 0.1850995123386383, 0.18984460830688477, 0.18488159775733948, 0.1858096569776535]}