{"experiment": "UBFC-rPPG->PURE", "epoch": 5, "total_epochs": 30, "step": 140, "total_steps": 235, "loss": 2.1477200984954834, "phase": "Training", "firing_rates": [0.20609508454799652, 0.23019027709960938, 0.22040872275829315, 0.21533675491809845, 0.20429782569408417, 0.2062470018863678]}