{"experiment": "UBFC-rPPG->PURE", "epoch": 29, "total_epochs": 30, "step": 80, "total_steps": 235, "loss": 2.0160810947418213, "phase": "Training", "firing_rates": [0.04520893096923828, 0.03763885423541069, 0.05409812927246094, 0.04555244371294975, 0.05447082594037056, 0.04936523362994194]}