{"experiment": "UBFC-rPPG->PURE", "epoch": 1, "total_epochs": 30, "step": 30, "total_steps": 235, "loss": 2.8280351161956787, "phase": "Training", "firing_rates": [0.04336204752326012, 0.04336204752326012, 0.05569572374224663, 0.056012727320194244, 0.053928375244140625, 0.05400390550494194]}