{"experiment": "UBFC-rPPG->PURE", "epoch": 25, "total_epochs": 30, "step": 120, "total_steps": 235, "loss": 2.0114715099334717, "phase": "Training", "firing_rates": [0.048566438257694244, 0.036163330078125, 0.054425813257694244, 0.04272003099322319, 0.05242004618048668, 0.04467926174402237]}