{"experiment": "UBFC-rPPG->PURE", "epoch": 1, "total_epochs": 30, "step": 20, "total_steps": 235, "loss": 1.7912120819091797, "phase": "Training", "firing_rates": [0.22903533279895782, 0.21396680176258087, 0.20129680633544922, 0.20139002799987793, 0.19604216516017914, 0.195262148976326]}