{"experiment": "UBFC-rPPG->PURE", "epoch": 29, "total_epochs": 30, "step": 50, "total_steps": 235, "loss": 1.6195201873779297, "phase": "Training", "firing_rates": [0.04436378553509712, 0.03437500074505806, 0.050440024584531784, 0.04026603698730469, 0.05010395124554634, 0.04484310373663902]}