{"experiment": "UBFC-rPPG->PURE", "epoch": 19, "total_epochs": 30, "step": 190, "total_steps": 235, "loss": 2.804124593734741, "phase": "Training", "firing_rates": [0.046613313257694244, 0.04586010053753853, 0.052118685096502304, 0.04591026529669762, 0.052195169031620026, 0.04664364084601402]}