{"experiment": "UBFC-rPPG->PURE", "epoch": 13, "total_epochs": 30, "step": 90, "total_steps": 235, "loss": 1.928443193435669, "phase": "Training", "firing_rates": [0.049112509936094284, 0.04591655731201172, 0.05293292924761772, 0.049477387219667435, 0.0524112693965435, 0.04823436960577965]}