{"experiment": "UBFC-rPPG->PURE", "epoch": 1, "total_epochs": 30, "step": 90, "total_steps": 235, "loss": 2.0212743282318115, "phase": "Training", "firing_rates": [0.16815991699695587, 0.18471665680408478, 0.18238277733325958, 0.18434953689575195, 0.18032069504261017, 0.18054895102977753]}