{"experiment": "UBFC-rPPG->PURE", "epoch": 4, "total_epochs": 30, "step": 110, "total_steps": 235, "loss": 2.054534912109375, "phase": "Training", "firing_rates": [0.21793165802955627, 0.21856875717639923, 0.20912466943264008, 0.21019421517848969, 0.20160241425037384, 0.20260687172412872]}