{"experiment": "UBFC-rPPG->PURE", "epoch": 10, "total_epochs": 30, "step": 170, "total_steps": 235, "loss": 2.0507030487060547, "phase": "Training", "firing_rates": [0.04351558908820152, 0.039018820971250534, 0.04816913604736328, 0.04614906385540962, 0.04705562815070152, 0.044802095741033554]}