{"experiment": "UBFC-rPPG->PURE", "epoch": 5, "total_epochs": 30, "step": 110, "total_steps": 235, "loss": 2.1152703762054443, "phase": "Training", "firing_rates": [0.21863465011119843, 0.2156192809343338, 0.20941491425037384, 0.2085881233215332, 0.19891372323036194, 0.1996692270040512]}