{"experiment": "UBFC-rPPG->PURE", "epoch": 1, "total_epochs": 30, "step": 130, "total_steps": 235, "loss": 2.0884408950805664, "phase": "Training", "firing_rates": [0.22374983131885529, 0.2073417752981186, 0.19257430732250214, 0.1927206963300705, 0.18606658279895782, 0.18724389374256134]}