{"experiment": "UBFC-rPPG->PURE", "epoch": 6, "total_epochs": 30, "step": 170, "total_steps": 235, "loss": 3.0990960597991943, "phase": "Training", "firing_rates": [0.043753813952207565, 0.04265766218304634, 0.04859962686896324, 0.047681428492069244, 0.04880104213953018, 0.04714679718017578]}