{"experiment": "UBFC-rPPG->PURE", "epoch": 2, "total_epochs": 30, "step": 0, "total_steps": 235, "loss": 1.9446017742156982, "phase": "Training", "firing_rates": [0.20277976989746094, 0.20555873215198517, 0.19455508887767792, 0.19554758071899414, 0.1850023716688156, 0.18711605668067932]}