{"experiment": "UBFC-rPPG->PURE", "epoch": 20, "total_epochs": 30, "step": 170, "total_steps": 235, "loss": 2.3592827320098877, "phase": "Training", "firing_rates": [0.050658416002988815, 0.04739208146929741, 0.05729999765753746, 0.0501493476331234, 0.0575103759765625, 0.051020242273807526]}