{"experiment": "UBFC-rPPG->PURE", "epoch": 5, "total_epochs": 30, "step": 20, "total_steps": 235, "loss": 2.2835965156555176, "phase": "Training", "firing_rates": [0.05111236497759819, 0.05111236497759819, 0.055757712572813034, 0.054979898035526276, 0.055290985852479935, 0.0548275001347065]}