{"experiment": "UBFC-rPPG->PURE", "epoch": 28, "total_epochs": 30, "step": 70, "total_steps": 235, "loss": 1.5704119205474854, "phase": "Training", "firing_rates": [0.04533710703253746, 0.036945343017578125, 0.047869112342596054, 0.041693687438964844, 0.04773101955652237, 0.04567737504839897]}