{"experiment": "UBFC-rPPG->PURE", "epoch": 3, "total_epochs": 30, "step": 120, "total_steps": 235, "loss": 2.2262513637542725, "phase": "Training", "firing_rates": [0.047609902918338776, 0.047609902918338776, 0.05526294931769371, 0.05458526685833931, 0.05459747463464737, 0.05495643615722656]}