{"experiment": "UBFC-rPPG->PURE", "epoch": 3, "total_epochs": 30, "step": 220, "total_steps": 235, "loss": 2.2248170375823975, "phase": "Training", "firing_rates": [0.17040549218654633, 0.18836040794849396, 0.18823161721229553, 0.19250035285949707, 0.1891765147447586, 0.19323448836803436]}