{"experiment": "UBFC-rPPG->PURE", "epoch": 28, "total_epochs": 30, "step": 10, "total_steps": 235, "loss": 1.6832001209259033, "phase": "Training", "firing_rates": [0.04674072191119194, 0.03701172024011612, 0.052198030054569244, 0.041954994201660156, 0.051961518824100494, 0.04680614545941353]}