{"experiment": "UBFC-rPPG->PURE", "epoch": 1, "total_epochs": 1, "step": 170, "total_steps": 235, "loss": 3.0498123168945312, "firing_rates": [0.04263157770037651, 0.04263157770037651, 0.04642973095178604, 0.04645204544067383, 0.04668555408716202, 0.0463864803314209]}