{"experiment": "UBFC-rPPG->PURE", "epoch": 10, "total_epochs": 30, "step": 140, "total_steps": 235, "loss": 3.3709328174591064, "phase": "Training", "firing_rates": [0.05298881605267525, 0.04816189035773277, 0.057947542518377304, 0.05421581491827965, 0.05646667629480362, 0.05329647287726402]}