{"experiment": "UBFC-rPPG->PURE", "epoch": 4, "total_epochs": 30, "step": 70, "total_steps": 235, "loss": 1.8132905960083008, "phase": "Training", "firing_rates": [0.04762115702033043, 0.04762115702033043, 0.052461814135313034, 0.05176201090216637, 0.04909210279583931, 0.04913673549890518]}