{"experiment": "UBFC-rPPG->PURE", "epoch": 21, "total_epochs": 30, "step": 30, "total_steps": 235, "loss": 2.198002338409424, "phase": "Training", "firing_rates": [0.04210929945111275, 0.037697792053222656, 0.04489421844482422, 0.04213600233197212, 0.04462871700525284, 0.042487528175115585]}