{"experiment": "UBFC-rPPG->PURE", "epoch": 15, "total_epochs": 30, "step": 90, "total_steps": 235, "loss": 2.08874773979187, "phase": "Training", "firing_rates": [0.042658042162656784, 0.036863137036561966, 0.04974384233355522, 0.04062690958380699, 0.048395346850156784, 0.045368194580078125]}