{"experiment": "UBFC-rPPG->PURE", "epoch": 1, "total_epochs": 30, "step": 160, "total_steps": 235, "loss": 1.9688692092895508, "phase": "Training", "firing_rates": [0.24498668313026428, 0.21829910576343536, 0.19470201432704926, 0.19616107642650604, 0.18952970206737518, 0.18959198892116547]}