{"experiment": "UBFC-rPPG->PURE", "epoch": 4, "total_epochs": 30, "step": 90, "total_steps": 235, "loss": 2.0820748805999756, "phase": "Training", "firing_rates": [0.2079617977142334, 0.22369728982448578, 0.2116127461194992, 0.2124321013689041, 0.20471839606761932, 0.20534200966358185]}