{"experiment": "UBFC-rPPG->PURE", "epoch": 1, "total_epochs": 30, "step": 0, "total_steps": 235, "loss": 3.061037302017212, "firing_rates": [0.038555145263671875, 0.038555145263671875, 0.03855705261230469, 0.03855705261230469, 0.03857231140136719, 0.03857231140136719]}