{"experiment": "UBFC-rPPG->PURE", "epoch": 14, "total_epochs": 30, "step": 140, "total_steps": 235, "loss": 2.5565743446350098, "phase": "Training", "firing_rates": [0.043622590601444244, 0.035346414893865585, 0.045276641845703125, 0.041063882410526276, 0.04527587816119194, 0.043337441980838776]}