{"experiment": "UBFC-rPPG->PURE", "epoch": 8, "total_epochs": 30, "step": 140, "total_steps": 235, "loss": 2.3735201358795166, "phase": "Training", "firing_rates": [0.04542350769042969, 0.0400201790034771, 0.04715309292078018, 0.04502735286951065, 0.04563598707318306, 0.04560680314898491]}