{"experiment": "UBFC-rPPG->PURE", "epoch": 1, "total_epochs": 30, "step": 60, "total_steps": 235, "loss": 3.0638320446014404, "firing_rates": [0.024410247802734375, 0.024410247802734375, 0.030529022216796875, 0.030584335327148438, 0.032924652099609375, 0.03314971923828125]}