{"experiment": "UBFC-rPPG->PURE", "epoch": 2, "total_epochs": 30, "step": 160, "total_steps": 235, "loss": 3.237741470336914, "phase": "Training", "firing_rates": [0.054091643542051315, 0.054091643542051315, 0.06365471333265305, 0.06335773319005966, 0.0637933760881424, 0.063140869140625]}