{"experiment": "UBFC-rPPG->PURE", "epoch": 5, "total_epochs": 30, "step": 210, "total_steps": 235, "loss": 2.2509922981262207, "phase": "Training", "firing_rates": [0.051740456372499466, 0.050692368298769, 0.058984946459531784, 0.05832939222455025, 0.05783901363611221, 0.055756378918886185]}