{"experiment": "UBFC-rPPG->PURE", "epoch": 3, "total_epochs": 30, "step": 110, "total_steps": 235, "loss": 2.064166307449341, "phase": "Training", "firing_rates": [0.19686804711818695, 0.21160641312599182, 0.2018507570028305, 0.20281462371349335, 0.19692464172840118, 0.19566813111305237]}