{"experiment": "UBFC-rPPG->PURE", "epoch": 4, "total_epochs": 30, "step": 150, "total_steps": 235, "loss": 2.2551920413970947, "phase": "Training", "firing_rates": [0.21750612556934357, 0.21879224479198456, 0.2086869329214096, 0.207299143075943, 0.19897685945034027, 0.20221200585365295]}