{"experiment": "UBFC-rPPG->PURE", "epoch": 21, "total_epochs": 30, "step": 120, "total_steps": 235, "loss": 2.5051822662353516, "phase": "Training", "firing_rates": [0.03896312788128853, 0.03290119394659996, 0.04196891933679581, 0.04097270965576172, 0.041791535913944244, 0.038825225085020065]}