{"experiment": "UBFC-rPPG->PURE", "epoch": 12, "total_epochs": 30, "step": 70, "total_steps": 235, "loss": 1.7940621376037598, "phase": "Training", "firing_rates": [0.03841438516974449, 0.03464622423052788, 0.043165016919374466, 0.04273872449994087, 0.04248790815472603, 0.0391298308968544]}