{"experiment": "UBFC-rPPG->PURE", "epoch": 1, "total_epochs": 30, "step": 40, "total_steps": 235, "loss": 2.0145983695983887, "phase": "Training", "firing_rates": [0.19140534102916718, 0.18504266440868378, 0.1849989891052246, 0.18876372277736664, 0.18449321389198303, 0.18550653755664825]}