{"experiment": "UBFC-rPPG->PURE", "epoch": 1, "total_epochs": 1, "step": 60, "total_steps": 235, "loss": 3.0896642208099365, "firing_rates": [0.07283063232898712, 0.07283063232898712, 0.08276677131652832, 0.08268504589796066, 0.08140335232019424, 0.0808202251791954]}