{"experiment": "UBFC-rPPG->PURE", "epoch": 4, "total_epochs": 30, "step": 100, "total_steps": 235, "loss": 2.091110944747925, "phase": "Training", "firing_rates": [0.19232869148254395, 0.20984764397144318, 0.20298366248607635, 0.20539747178554535, 0.19752641022205353, 0.19971804320812225]}