{"experiment": "UBFC-rPPG->PURE", "epoch": 4, "total_epochs": 30, "step": 130, "total_steps": 235, "loss": 1.95145845413208, "phase": "Training", "firing_rates": [0.05713653564453125, 0.055488016456365585, 0.06122284010052681, 0.06042308732867241, 0.05989570543169975, 0.05914459377527237]}