{"experiment": "UBFC-rPPG->PURE", "epoch": 1, "total_epochs": 1, "step": 80, "total_steps": 235, "loss": 2.897639036178589, "firing_rates": [0.0454401969909668, 0.0454401969909668, 0.054132129997015, 0.05381336435675621, 0.05543875694274902, 0.05529918894171715]}