{"experiment": "UBFC-rPPG->PURE", "epoch": 26, "total_epochs": 30, "step": 70, "total_steps": 235, "loss": 2.259411573410034, "phase": "Training", "firing_rates": [0.04130611568689346, 0.03421211242675781, 0.0443078987300396, 0.03997516632080078, 0.04418830946087837, 0.04183502122759819]}