{"experiment": "UBFC-rPPG->PURE", "epoch": 4, "total_epochs": 30, "step": 190, "total_steps": 235, "loss": 2.152953863143921, "phase": "Training", "firing_rates": [0.19122853875160217, 0.2138003408908844, 0.20425453782081604, 0.20383191108703613, 0.1961546391248703, 0.19564472138881683]}