{"experiment": "UBFC-rPPG->PURE", "epoch": 29, "total_epochs": 30, "step": 150, "total_steps": 235, "loss": 2.691307306289673, "phase": "Training", "firing_rates": [0.04664134979248047, 0.03303661569952965, 0.05212726816534996, 0.042266845703125, 0.052011873573064804, 0.047295380383729935]}