{"experiment": "UBFC-rPPG->PURE", "epoch": 11, "total_epochs": 30, "step": 90, "total_steps": 235, "loss": 2.0786709785461426, "phase": "Training", "firing_rates": [0.04933757707476616, 0.04791755601763725, 0.05231647565960884, 0.04874115064740181, 0.05103454738855362, 0.04712238535284996]}