{"experiment": "UBFC-rPPG->PURE", "epoch": 9, "total_epochs": 30, "step": 120, "total_steps": 235, "loss": 1.7877845764160156, "phase": "Training", "firing_rates": [0.05640888214111328, 0.052938081324100494, 0.060747720301151276, 0.05652961879968643, 0.05758476257324219, 0.05424099043011665]}