{"experiment": "UBFC-rPPG->PURE", "epoch": 5, "total_epochs": 30, "step": 0, "total_steps": 235, "loss": 2.0656676292419434, "phase": "Training", "firing_rates": [0.19092321395874023, 0.21612225472927094, 0.20756740868091583, 0.20718641579151154, 0.2016846239566803, 0.20063996315002441]}