{"experiment": "UBFC-rPPG->PURE", "epoch": 1, "total_epochs": 30, "step": 140, "total_steps": 235, "loss": 1.940431833267212, "phase": "Training", "firing_rates": [0.21753163635730743, 0.20341534912586212, 0.19234800338745117, 0.19263295829296112, 0.18625417351722717, 0.186759814620018]}