{"experiment": "UBFC-rPPG->PURE", "epoch": 28, "total_epochs": 30, "step": 40, "total_steps": 235, "loss": 1.3748313188552856, "phase": "Training", "firing_rates": [0.04178467020392418, 0.037150003015995026, 0.04763221740722656, 0.043767739087343216, 0.047486305236816406, 0.043596841394901276]}