{"experiment": "UBFC-rPPG->PURE", "epoch": 19, "total_epochs": 30, "step": 160, "total_steps": 235, "loss": 2.9373068809509277, "phase": "Training", "firing_rates": [0.040823936462402344, 0.037639617919921875, 0.043631937354803085, 0.03925685957074165, 0.04354438930749893, 0.03862953186035156]}