{"experiment": "UBFC-rPPG->PURE", "epoch": 1, "total_epochs": 30, "step": 150, "total_steps": 235, "loss": 2.1688740253448486, "phase": "Training", "firing_rates": [0.253810852766037, 0.2236488312482834, 0.19924436509609222, 0.1996583491563797, 0.19072537124156952, 0.19155149161815643]}