{"experiment": "UBFC-rPPG->PURE", "epoch": 11, "total_epochs": 30, "step": 30, "total_steps": 235, "loss": 2.2341997623443604, "phase": "Training", "firing_rates": [0.044736098498106, 0.03986320644617081, 0.04978771135210991, 0.04766807705163956, 0.04792366176843643, 0.04459095001220703]}