{"experiment": "UBFC-rPPG->PURE", "epoch": 12, "total_epochs": 30, "step": 140, "total_steps": 235, "loss": 2.592689037322998, "phase": "Training", "firing_rates": [0.053131103515625, 0.04779968410730362, 0.056847382336854935, 0.05399627611041069, 0.055098533630371094, 0.05242347717285156]}