{"experiment": "UBFC-rPPG->PURE", "epoch": 29, "total_epochs": 30, "step": 210, "total_steps": 235, "loss": 1.5876011848449707, "phase": "Training", "firing_rates": [0.04270477220416069, 0.03532467037439346, 0.04985389858484268, 0.04096336290240288, 0.049474526196718216, 0.043660737574100494]}