{"experiment": "UBFC-rPPG->PURE", "epoch": 5, "total_epochs": 30, "step": 180, "total_steps": 235, "loss": 2.162612199783325, "phase": "Training", "firing_rates": [0.19593524932861328, 0.22444681823253632, 0.21624170243740082, 0.21406106650829315, 0.202714204788208, 0.202195405960083]}