{"experiment": "UBFC-rPPG->PURE", "epoch": 3, "total_epochs": 30, "step": 60, "total_steps": 235, "loss": 1.909210443496704, "phase": "Training", "firing_rates": [0.17282915115356445, 0.19446702301502228, 0.19216890633106232, 0.19494786858558655, 0.19386287033557892, 0.19274745881557465]}