{"experiment": "UBFC-rPPG->PURE", "epoch": 30, "total_epochs": 30, "step": 70, "total_steps": 235, "loss": 2.042142629623413, "phase": "Training", "firing_rates": [0.039193153381347656, 0.03405800089240074, 0.04152717813849449, 0.039009857922792435, 0.0414976142346859, 0.04001674801111221]}