{"experiment": "UBFC-rPPG->PURE", "epoch": 2, "total_epochs": 30, "step": 160, "total_steps": 235, "loss": 2.1491310596466064, "phase": "Training", "firing_rates": [0.157548189163208, 0.17958946526050568, 0.1824955940246582, 0.1854258030653, 0.1811593621969223, 0.18194380402565002]}