{"experiment": "UBFC-rPPG->PURE", "epoch": 4, "total_epochs": 30, "step": 170, "total_steps": 235, "loss": 2.0022737979888916, "phase": "Training", "firing_rates": [0.05151882395148277, 0.05151882395148277, 0.05582237243652344, 0.05497017130255699, 0.05353698879480362, 0.05354061350226402]}