{"experiment": "UBFC-rPPG->PURE", "epoch": 4, "total_epochs": 30, "step": 100, "total_steps": 235, "loss": 2.448024034500122, "phase": "Training", "firing_rates": [0.05584220960736275, 0.05414886400103569, 0.05994396284222603, 0.05874156951904297, 0.05845508724451065, 0.05694694444537163]}