{"experiment": "UBFC-rPPG->PURE", "epoch": 4, "total_epochs": 30, "step": 220, "total_steps": 235, "loss": 2.020522356033325, "phase": "Training", "firing_rates": [0.18438254296779633, 0.20047326385974884, 0.20200257003307343, 0.20358248054981232, 0.19372116029262543, 0.19565577805042267]}