{"experiment": "UBFC-rPPG->PURE", "epoch": 23, "total_epochs": 30, "step": 150, "total_steps": 235, "loss": 1.5193207263946533, "phase": "Training", "firing_rates": [0.04165630415081978, 0.03416843339800835, 0.04435558244585991, 0.04344043880701065, 0.04415435716509819, 0.043256379663944244]}