{"experiment": "UBFC-rPPG->PURE", "epoch": 1, "total_epochs": 30, "step": 100, "total_steps": 235, "loss": 1.9852863550186157, "phase": "Training", "firing_rates": [0.24220538139343262, 0.21275091171264648, 0.19518156349658966, 0.19207720458507538, 0.18592138588428497, 0.18825840950012207]}