{"experiment": "UBFC-rPPG->PURE", "epoch": 16, "total_epochs": 30, "step": 110, "total_steps": 235, "loss": 2.054159641265869, "phase": "Training", "firing_rates": [0.045606423169374466, 0.039377596229314804, 0.048220444470644, 0.04419079050421715, 0.04813804849982262, 0.04250030592083931]}