{"experiment": "UBFC-rPPG->PURE", "epoch": 20, "total_epochs": 30, "step": 140, "total_steps": 235, "loss": 1.8384222984313965, "phase": "Training", "firing_rates": [0.04220409318804741, 0.03436622768640518, 0.0451471321284771, 0.03995094448328018, 0.044956207275390625, 0.04155120998620987]}