{"experiment": "UBFC-rPPG->PURE", "epoch": 1, "total_epochs": 30, "step": 0, "total_steps": 235, "loss": 2.1370294094085693, "phase": "Training", "firing_rates": [0.15545010566711426, 0.17512531578540802, 0.17724791169166565, 0.17989496886730194, 0.17926578223705292, 0.1814620941877365]}