{"experiment": "UBFC-rPPG->PURE", "epoch": 13, "total_epochs": 30, "step": 220, "total_steps": 235, "loss": 2.304283618927002, "phase": "Training", "firing_rates": [0.04529991373419762, 0.04402275010943413, 0.04840373992919922, 0.0439184196293354, 0.0479547493159771, 0.045250892639160156]}