{"experiment": "UBFC-rPPG->PURE", "epoch": 1, "total_epochs": 30, "step": 0, "total_steps": 235, "loss": 1.8942444324493408, "phase": "Training", "firing_rates": [0.14370040595531464, 0.1673949807882309, 0.1697058230638504, 0.1765655130147934, 0.17562328279018402, 0.17945818603038788]}