{"experiment": "UBFC-rPPG->PURE", "epoch": 2, "total_epochs": 30, "step": 150, "total_steps": 235, "loss": 1.922400712966919, "phase": "Training", "firing_rates": [0.22282223403453827, 0.21782255172729492, 0.20555081963539124, 0.20607022941112518, 0.19315528869628906, 0.1919519454240799]}