{"experiment": "UBFC-rPPG->PURE", "epoch": 17, "total_epochs": 30, "step": 0, "total_steps": 235, "loss": 1.8462932109832764, "phase": "Training", "firing_rates": [0.04797554016113281, 0.04448814317584038, 0.0509275458753109, 0.04412994533777237, 0.050066377967596054, 0.04386558756232262]}