{"experiment": "UBFC-rPPG->PURE", "epoch": 1, "total_epochs": 30, "step": 170, "total_steps": 235, "loss": 2.0456790924072266, "phase": "Training", "firing_rates": [0.20410099625587463, 0.19674530625343323, 0.1865648329257965, 0.18834705650806427, 0.1818975955247879, 0.1836388111114502]}